,satisfaction_level,last_evaluation,number_projects,average_monthly_hours,time_spent_company,work_accident,left,promotion_last_5_years,department,salary
1,0.8,0.86,5,262,6,0,1,0,0,1
2,0.11,0.88,7,272,4,0,1,0,0,1
3,0.72,0.87,5,223,5,0,1,0,0,0
6,0.1,0.77,6,247,4,0,1,0,0,0
7,0.92,0.85,5,259,5,0,1,0,0,0
8,0.89,1.0,5,224,5,0,1,0,0,0
11,0.11,0.81,6,305,4,0,1,0,0,0
19,0.76,0.89,5,262,5,0,1,0,0,0
20,0.11,0.83,6,282,4,0,1,0,0,0
22,0.09,0.95,6,304,4,0,1,0,0,0
25,0.89,0.92,5,242,5,0,1,0,0,0
35,0.1,0.94,6,255,4,0,1,0,1,0
38,0.11,0.89,6,306,4,0,1,0,1,0
40,0.87,0.88,5,269,5,0,1,0,1,0
43,0.1,0.8,7,281,4,0,1,0,1,0
44,0.09,0.89,6,276,4,0,1,0,1,0
54,0.1,0.92,7,307,4,0,1,0,1,0
56,0.11,0.94,7,255,4,0,1,0,1,0
57,0.1,0.81,6,309,4,0,1,0,1,0
60,0.85,0.91,5,226,5,0,1,0,0,1
61,0.11,0.93,7,308,4,0,1,0,1,1
62,0.1,0.95,6,244,5,0,1,0,1,1
64,0.11,0.94,6,286,4,0,1,0,1,1
68,0.76,0.86,5,223,5,1,1,0,1,1
71,0.09,0.77,5,275,4,0,1,0,1,1
73,0.09,0.87,7,295,4,0,1,0,1,0
74,0.11,0.97,6,277,4,0,1,0,1,1
75,0.11,0.79,7,306,4,0,1,0,1,1
76,0.1,0.83,6,295,4,0,1,0,1,1
84,0.11,0.77,6,291,4,0,1,0,0,0
85,0.11,0.87,6,305,4,0,1,0,0,0
89,0.1,0.79,6,291,4,0,1,0,0,0
91,0.89,1.0,5,246,5,0,1,0,0,0
94,0.09,0.83,6,255,4,0,1,0,0,0
96,0.1,0.77,6,265,4,0,1,0,0,0
97,0.1,0.84,6,279,4,0,1,0,0,0
98,0.11,0.97,6,284,4,0,1,0,0,0
99,0.9,1.0,5,221,6,0,1,0,0,1
103,0.09,0.94,7,267,4,0,1,0,0,1
111,0.09,0.85,6,289,4,0,1,0,0,2
114,0.84,1.0,5,234,5,0,1,0,1,1
117,0.11,0.84,6,251,4,0,1,0,1,0
123,0.11,0.84,6,300,5,1,1,0,1,0
125,0.11,0.92,6,260,4,0,1,0,1,0
128,0.09,0.82,6,250,4,0,1,0,1,0
130,0.1,0.83,6,292,4,0,1,0,1,0
132,0.9,1.0,5,221,5,0,1,0,1,0
135,0.31,0.84,7,133,5,0,1,0,1,0
136,0.1,0.84,6,283,4,1,1,0,1,0
139,0.73,0.87,5,257,5,0,1,0,1,0
140,0.09,0.96,6,245,4,0,1,0,1,0
142,0.11,0.8,6,256,4,0,1,0,1,0
147,0.11,0.87,6,306,4,0,1,0,1,0
150,0.11,0.91,6,278,4,0,1,0,0,0
155,0.11,0.8,6,304,4,0,1,0,0,0
156,0.83,1.0,5,240,5,0,1,0,1,0
157,0.11,0.92,6,305,4,0,1,0,1,0
160,0.1,0.95,7,301,4,0,1,0,0,0
161,0.9,0.98,5,243,6,0,1,0,0,0
163,0.79,0.89,5,239,5,0,1,0,0,0
164,0.9,0.99,5,260,5,0,1,0,0,0
165,0.11,0.84,7,296,4,0,1,0,0,0
172,0.11,0.78,7,278,4,0,1,0,0,0
173,0.1,0.88,6,284,4,0,1,0,0,0
179,0.11,0.85,6,308,5,0,1,0,0,1
181,0.1,0.84,6,261,4,0,1,0,0,1
182,0.89,0.99,5,257,5,0,1,0,0,1
183,0.11,0.8,6,285,4,0,1,0,0,1
186,0.09,0.85,6,297,4,0,1,0,0,1
190,0.09,0.8,7,283,5,0,1,0,1,0
193,0.09,0.82,6,249,4,0,1,0,1,1
195,0.09,0.8,6,304,4,0,1,0,1,0
197,0.1,0.91,6,287,4,0,1,0,1,0
198,0.1,0.89,7,285,4,0,1,0,1,0
199,0.77,0.94,5,226,6,0,1,0,1,0
200,0.9,0.82,5,259,5,0,1,0,1,0
202,0.76,1.0,5,219,5,0,1,0,1,0
203,0.1,0.93,6,256,4,0,1,0,1,0
204,0.87,0.9,5,254,6,0,1,0,1,0
206,0.77,0.99,5,228,5,0,1,0,1,0
212,0.88,1.0,5,219,5,0,1,0,1,0
217,0.9,0.98,5,245,5,0,1,0,1,0
219,0.89,0.87,5,225,5,0,1,0,1,0
220,0.1,0.84,6,286,4,0,1,0,1,0
223,0.87,0.9,5,252,5,0,1,0,1,0
228,0.85,0.95,5,236,5,0,1,0,0,0
229,0.78,0.98,5,239,6,0,1,0,0,0
231,0.92,0.99,5,255,6,0,1,0,0,0
232,0.11,0.83,6,244,4,0,1,0,0,0
239,0.1,0.97,7,254,4,0,1,0,0,0
240,0.1,0.87,7,289,4,0,1,0,0,0
244,0.89,0.86,5,275,5,0,1,0,0,0
249,0.11,0.84,6,298,4,0,1,0,0,0
250,0.79,0.87,5,261,5,0,1,0,0,0
251,0.79,0.92,5,254,6,0,1,0,0,0
256,0.11,0.81,6,266,4,1,1,0,0,1
258,0.88,0.88,5,232,5,1,1,0,0,1
259,0.11,0.84,6,287,4,0,1,0,0,1
261,0.82,0.97,5,263,5,0,1,0,0,1
263,0.11,0.78,6,260,4,0,1,0,0,1
266,0.11,0.95,6,286,4,0,1,0,1,1
269,0.38,0.86,6,139,6,0,1,0,1,1
271,0.11,0.84,6,251,4,0,1,0,1,1
272,0.81,0.93,5,270,5,0,1,0,1,1
273,0.09,0.96,6,296,4,0,1,0,1,0
274,0.11,0.9,6,254,4,0,1,0,1,0
275,0.81,0.95,5,238,6,0,1,0,1,0
276,0.1,0.97,6,267,4,1,1,0,1,0
277,0.74,0.89,5,229,6,0,1,0,1,0
278,0.09,0.78,6,254,4,0,1,0,1,0
280,0.1,0.98,6,268,4,0,1,0,1,0
282,0.83,0.92,5,267,6,0,1,0,1,0
283,0.1,0.93,6,289,4,1,1,0,1,0
286,0.11,0.83,6,306,4,0,1,0,1,0
287,0.11,0.79,6,292,4,0,1,1,1,0
288,0.82,0.91,5,232,5,0,1,0,1,0
291,0.87,0.84,5,231,5,0,1,0,1,0
293,0.11,0.91,6,308,4,1,1,0,1,0
294,0.1,0.93,6,253,4,0,1,0,1,1
299,0.74,0.84,5,249,5,0,1,0,1,1
302,0.1,0.77,7,250,5,0,1,0,1,1
304,0.89,0.87,5,255,5,0,1,0,1,1
307,0.11,0.81,5,287,4,0,1,0,0,0
309,0.1,0.94,6,285,4,0,1,0,1,1
310,0.1,0.93,7,305,4,0,1,0,1,1
311,0.11,0.95,7,300,4,0,1,0,0,1
314,0.1,0.81,6,268,4,0,1,0,0,0
318,0.11,0.94,6,276,4,0,1,0,0,0
321,0.82,0.84,5,244,5,0,1,0,0,0
323,0.11,0.91,7,287,4,0,1,0,0,0
327,0.88,0.99,5,262,6,0,1,0,0,0
328,0.1,0.85,6,266,4,0,1,0,0,0
331,0.11,0.85,7,302,4,0,1,0,0,0
332,0.09,0.98,6,271,4,0,1,0,0,0
334,0.1,0.81,6,290,4,0,1,0,0,1
336,0.77,0.87,5,266,5,0,1,0,0,1
339,0.1,0.91,6,246,4,0,1,0,0,1
340,0.09,0.89,7,308,5,0,1,0,0,1
342,0.9,1.0,5,232,5,0,1,0,1,1
345,0.1,0.86,6,278,4,0,1,0,1,2
347,0.11,0.8,6,282,4,0,1,0,1,1
348,0.11,0.84,7,264,4,0,1,0,1,1
350,0.09,0.8,6,304,5,0,1,0,1,1
354,0.33,0.88,6,219,5,0,1,0,1,0
359,0.09,0.91,6,275,4,0,1,0,1,0
360,0.1,0.87,6,290,4,0,1,0,1,0
363,0.72,0.96,5,267,5,0,1,0,1,0
366,0.1,0.83,6,258,4,0,1,0,0,0
368,0.82,0.86,5,243,5,0,1,0,1,0
369,0.1,0.82,6,266,4,0,1,0,1,0
374,0.86,0.84,5,254,5,0,1,0,1,1
375,0.73,0.99,5,262,5,0,1,0,1,1
385,0.75,0.9,5,256,5,0,1,0,1,0
386,0.1,0.93,6,298,4,0,1,0,1,1
387,0.1,0.97,6,247,4,0,1,0,0,1
393,0.11,0.93,6,282,4,0,1,0,0,0
397,0.09,0.79,6,293,5,0,1,0,0,0
399,0.1,0.87,6,250,4,0,1,0,0,0
400,0.91,1.0,5,251,6,0,1,0,0,0
402,0.74,1.0,5,275,5,0,1,0,0,0
403,0.92,0.93,5,240,5,0,1,0,0,0
404,0.76,0.87,5,245,5,0,1,0,0,0
406,0.73,0.99,5,241,5,0,1,0,0,0
407,0.09,0.94,6,257,4,0,1,0,0,0
414,0.91,0.97,5,233,5,0,1,0,0,1
417,0.11,0.9,6,264,4,0,1,0,1,1
420,0.09,0.96,6,268,4,0,1,0,1,1
421,0.1,0.94,6,287,4,0,1,0,1,1
422,0.86,1.0,5,257,5,0,1,0,1,1
434,0.1,0.84,6,309,4,0,1,0,1,0
436,0.11,0.85,6,261,4,0,1,0,1,0
442,0.77,1.0,5,229,5,0,1,0,0,0
443,0.81,0.98,5,245,5,0,1,0,1,0
445,0.09,0.94,6,283,5,0,1,0,1,0
447,0.1,0.84,5,298,4,0,1,0,1,0
449,0.81,0.92,5,239,5,0,1,0,1,0
451,0.85,0.98,5,248,5,0,1,0,1,1
452,0.1,0.87,6,286,4,0,1,0,1,1
454,0.09,0.97,7,254,4,1,1,0,1,1
456,0.86,0.93,5,223,5,0,1,0,1,1
464,0.82,0.98,5,234,5,0,1,0,0,1
467,0.09,0.95,6,292,4,0,1,0,0,1
468,0.9,0.92,5,245,5,0,1,0,0,0
470,0.1,0.85,6,260,4,0,1,0,0,0
472,0.89,0.85,5,266,5,0,1,0,0,0
474,0.87,1.0,5,242,5,0,1,0,0,0
476,0.11,0.87,5,271,4,0,1,0,0,0
477,0.09,0.79,6,275,4,0,1,0,0,0
478,0.76,0.83,5,227,5,0,1,0,0,0
479,0.11,0.96,7,277,5,0,1,0,0,0
481,0.1,0.79,6,274,4,0,1,0,0,0
488,0.1,0.83,7,276,4,0,1,0,0,0
492,0.11,0.83,6,244,4,0,1,0,0,1
493,0.1,0.94,6,309,4,0,1,0,1,1
494,0.84,1.0,5,218,5,0,1,0,1,1
496,0.1,0.82,6,244,4,0,1,0,1,1
500,0.91,0.84,5,265,5,0,1,0,1,1
502,0.11,0.87,7,282,5,0,1,0,1,0
505,0.11,0.97,6,289,5,0,1,0,1,1
512,0.09,0.96,6,259,4,0,1,0,1,0
513,0.11,0.89,6,293,4,0,1,0,1,0
514,0.83,0.96,5,275,5,0,1,0,1,0
515,0.88,1.0,5,219,6,1,1,0,1,0
516,0.1,0.89,6,247,4,0,1,0,1,0
517,0.09,0.86,7,309,4,0,1,0,1,0
522,0.1,0.95,7,289,4,0,1,0,1,0
524,0.75,0.99,5,221,5,0,1,0,1,0
527,0.09,0.9,7,289,4,0,1,0,1,0
528,0.09,0.8,6,301,5,0,1,0,1,1
532,0.1,0.84,6,246,4,0,1,0,0,1
534,0.75,0.85,5,240,6,1,1,0,0,1
536,0.11,0.85,6,305,4,0,1,0,0,1
538,0.87,1.0,5,261,5,1,1,0,1,1
539,0.11,0.94,7,244,4,0,1,0,0,1
542,0.77,0.91,5,236,5,0,1,0,0,1
543,0.89,0.92,5,237,5,0,1,0,0,1
545,0.78,1.0,5,236,5,0,1,0,0,1
550,0.11,0.96,6,298,4,0,1,0,0,0
551,0.75,0.99,5,254,5,0,1,0,0,0
552,0.82,0.85,5,248,5,0,1,0,0,0
553,0.79,1.0,5,257,6,0,1,0,0,0
555,0.1,0.9,7,281,4,0,1,0,0,0
559,0.11,0.8,7,296,4,0,1,0,0,0
560,0.09,0.86,6,279,4,0,1,0,0,0
563,0.1,0.77,7,291,4,0,1,0,0,0
566,0.11,0.79,7,310,4,0,1,0,0,0
567,0.1,0.97,6,282,4,0,1,0,0,1
572,0.75,0.97,5,243,6,0,1,0,1,1
578,0.9,0.96,5,243,5,0,1,0,1,1
581,0.81,0.88,5,242,5,0,1,0,1,1
582,0.74,0.87,5,242,5,0,1,0,1,1
588,0.87,0.9,5,258,5,0,1,0,1,0
592,0.1,0.8,6,264,4,0,1,0,1,0
594,0.1,0.77,6,255,4,0,1,0,0,0
595,0.09,0.87,5,263,4,0,1,0,1,0
596,0.86,0.84,5,222,5,0,1,0,1,0
597,0.11,0.9,6,263,4,0,1,0,1,0
599,0.11,0.92,7,307,4,0,1,0,1,0
600,0.77,0.98,5,259,6,0,1,0,1,0
601,0.84,0.94,5,222,6,0,1,0,1,0
602,0.1,0.84,7,250,4,0,1,0,1,0
603,0.83,0.9,5,245,5,0,1,0,1,0
604,0.11,0.79,6,292,4,0,1,0,1,0
605,0.86,0.92,5,252,5,0,1,0,1,0
607,0.11,0.88,5,250,4,0,1,0,1,1
609,0.1,0.85,7,279,4,0,1,0,1,1
610,0.09,0.95,7,256,4,0,1,0,0,1
613,0.81,0.97,5,243,5,0,1,0,1,1
614,0.09,0.9,7,296,4,0,1,0,1,1
615,0.1,0.88,7,267,4,0,1,0,0,1
621,0.1,0.86,6,247,4,0,1,0,0,1
625,0.78,0.98,5,263,6,0,1,0,0,0
628,0.72,0.85,5,244,6,0,1,0,0,0
630,0.1,0.9,7,286,4,0,1,0,0,0
632,0.11,0.89,6,260,5,0,1,0,0,0
634,0.82,0.92,5,225,5,0,1,0,0,0
642,0.73,0.97,5,235,5,0,1,0,0,0
646,0.51,0.83,5,249,4,0,1,0,1,1
651,0.09,0.88,6,269,4,0,1,0,1,1
652,0.09,0.77,6,290,4,0,1,0,1,1
654,0.1,0.89,7,308,4,0,1,0,1,1
656,0.79,0.86,5,235,5,0,1,0,1,1
659,0.77,0.91,5,221,6,0,1,0,1,1
662,0.78,0.89,5,274,6,0,1,0,1,1
663,0.1,0.79,6,256,5,0,1,0,1,0
664,0.1,0.77,5,276,4,0,1,0,1,0
665,0.75,0.85,5,267,5,0,1,0,1,0
668,0.1,0.92,6,258,4,0,1,0,1,0
670,0.11,0.95,6,245,4,0,1,0,0,0
671,0.11,0.94,6,264,4,0,1,0,1,0
676,0.11,0.82,6,270,4,0,1,0,1,0
677,0.73,0.89,5,236,6,0,1,0,1,0
679,0.86,1.0,5,229,5,0,1,0,1,0
680,0.1,0.83,6,269,4,0,1,0,1,0
682,0.11,0.87,7,278,4,0,1,0,0,0
686,0.1,0.96,7,255,4,0,1,0,0,1
687,0.09,0.92,7,254,4,0,1,0,0,1
688,0.09,0.82,6,257,4,0,1,0,0,1
692,0.84,0.86,5,268,5,0,1,0,0,1
693,0.1,0.83,6,278,4,0,1,0,0,1
696,0.1,0.81,7,291,4,0,1,0,0,2
697,0.11,0.8,6,306,4,0,1,0,0,0
707,0.79,0.91,5,271,5,0,1,0,0,0
708,0.11,0.87,6,255,4,0,1,0,0,0
712,0.84,0.98,5,270,5,0,1,0,0,0
713,0.73,0.92,5,232,5,0,1,0,0,0
717,0.11,0.78,6,243,4,0,1,0,0,0
718,0.91,1.0,5,244,6,0,1,0,0,0
719,0.8,1.0,5,260,5,0,1,0,0,0
729,0.09,0.83,6,282,4,0,1,0,1,1
734,0.11,0.92,7,255,4,0,1,0,1,1
735,0.83,0.99,5,258,5,0,1,0,1,2
738,0.11,0.87,6,257,4,0,1,0,1,1
739,0.11,0.85,7,275,4,0,1,0,1,1
740,0.1,0.89,7,291,4,0,1,0,1,1
743,0.11,0.9,6,301,4,0,1,0,1,0
745,0.11,0.78,6,245,4,0,1,0,1,0
754,0.66,0.93,5,253,5,0,1,0,1,0
756,0.77,0.92,5,235,5,0,1,0,1,0
760,0.1,0.9,7,290,4,0,1,0,0,0
761,0.09,0.93,6,249,4,0,1,0,0,0
766,0.75,0.81,5,227,5,0,1,0,1,1
768,0.1,0.84,6,293,5,0,1,0,0,1
770,0.1,0.83,6,300,4,0,1,0,0,1
771,0.1,0.86,6,309,4,0,1,0,0,1
776,0.1,0.97,6,254,5,0,1,0,0,1
777,0.11,0.93,6,294,4,0,1,0,0,1
778,0.1,0.92,7,269,4,0,1,0,0,1
779,0.11,0.9,7,247,4,0,1,0,0,1
785,0.85,0.99,5,248,5,0,1,0,0,0
786,0.78,0.93,5,225,5,0,1,0,0,0
789,0.1,0.92,6,243,4,1,1,0,0,0
791,0.11,0.87,6,301,4,0,1,0,0,0
792,0.9,0.83,5,259,5,0,1,0,0,0
794,0.11,0.79,7,295,4,0,1,0,0,0
797,0.11,0.91,5,291,4,0,1,0,1,0
798,0.11,0.93,6,253,4,1,1,0,1,0
802,0.85,0.82,5,264,6,0,1,0,1,1
803,0.1,0.77,6,310,4,0,1,0,1,1
804,0.81,0.95,5,266,5,0,1,0,1,1
807,0.86,1.0,5,227,5,0,1,0,1,1
809,0.11,0.97,7,310,4,0,1,0,1,1
810,0.84,0.93,5,236,5,0,1,0,1,1
811,0.09,0.97,7,288,4,0,1,0,1,1
814,0.1,0.92,7,253,4,1,1,0,1,0
816,0.84,0.97,5,251,5,0,1,0,1,1
817,0.11,0.87,6,264,4,0,1,0,1,1
820,0.11,0.93,7,284,4,0,1,0,1,0
821,0.74,0.93,5,244,5,0,1,0,1,0
825,0.11,0.86,6,308,4,0,1,0,1,0
826,0.1,0.93,6,269,4,0,1,0,1,0
831,0.73,1.0,5,274,5,0,1,0,1,0
833,0.89,0.82,5,224,6,0,1,0,1,0
835,0.11,0.78,6,300,4,1,1,0,1,0
837,0.09,0.93,6,308,4,0,1,0,1,0
838,0.81,0.9,5,238,6,0,1,0,0,0
841,0.11,0.85,6,299,4,0,1,0,1,1
842,0.1,0.85,6,254,4,0,1,0,1,1
846,0.1,0.84,6,253,4,0,1,0,0,1
847,0.79,0.94,5,227,6,0,1,0,0,1
848,0.1,0.81,6,301,4,1,1,0,0,1
852,0.82,0.89,5,217,5,0,1,0,0,2
854,0.79,0.9,5,263,5,0,1,0,0,1
856,0.1,0.85,6,273,4,0,1,0,0,1
857,0.11,0.78,6,303,4,0,1,0,0,1
859,0.1,0.93,6,270,4,0,1,0,0,0
864,0.1,0.94,6,260,4,0,1,0,0,0
865,0.82,0.85,5,218,5,0,1,0,0,0
872,0.1,0.9,5,263,4,0,1,0,0,0
873,0.78,1.0,5,220,5,0,1,0,1,0
875,0.11,0.94,6,277,5,0,1,0,1,0
876,0.91,0.94,5,257,5,0,1,0,1,0
879,0.82,0.97,5,263,5,0,1,0,1,1
881,0.89,1.0,5,253,5,0,1,0,1,1
882,0.11,0.79,6,294,4,0,1,0,1,1
885,0.78,0.87,5,256,5,0,1,0,1,1
888,0.11,0.83,6,295,4,0,1,0,1,1
889,0.11,0.79,6,281,4,0,1,0,1,1
891,0.75,0.86,5,237,5,0,1,0,1,2
893,0.85,0.85,5,267,5,0,1,0,1,1
894,0.73,0.92,5,266,5,0,1,0,1,1
895,0.1,0.79,6,294,4,0,1,0,1,1
898,0.11,0.77,7,273,4,0,1,0,0,0
899,0.84,0.83,5,238,5,0,1,0,1,0
900,0.78,0.94,5,271,6,0,1,0,1,0
905,0.76,0.93,5,238,5,0,1,0,1,0
906,0.1,0.78,7,286,4,0,1,0,1,0
907,0.09,0.86,6,291,4,0,1,0,1,0
908,0.92,1.0,5,259,5,0,1,0,1,0
909,0.92,0.9,5,248,5,0,1,0,0,0
914,0.89,0.87,5,275,6,0,1,0,0,0
916,0.11,0.82,6,304,4,1,1,0,0,0
918,0.11,0.85,6,259,4,0,1,0,1,1
925,0.11,0.8,7,243,4,0,1,0,0,1
928,0.77,0.91,5,261,6,0,1,0,0,1
931,0.9,0.92,5,154,4,0,1,0,0,0
933,0.1,0.96,6,254,4,1,1,0,0,1
934,0.1,0.91,6,285,4,0,1,0,0,1
936,0.1,0.95,7,301,4,0,1,0,0,0
937,0.11,0.8,6,286,4,0,1,0,0,0
938,0.1,0.89,6,246,4,0,1,0,0,0
942,0.11,0.89,6,301,4,0,1,0,0,0
943,0.81,1.0,5,235,5,0,1,0,0,0
944,0.11,0.85,7,272,4,0,1,0,0,0
945,0.87,1.0,5,274,5,0,1,0,0,0
949,0.11,0.95,6,285,4,0,1,0,1,0
950,0.09,0.9,7,289,5,0,1,0,1,0
952,0.09,0.94,6,308,4,0,1,0,1,0
955,0.1,0.91,6,262,5,1,1,0,1,0
959,0.1,0.94,7,281,4,0,1,0,1,1
961,0.73,0.83,5,270,5,1,1,0,1,1
966,0.09,0.85,5,281,4,0,1,0,1,1
971,0.72,1.0,5,264,5,0,1,0,1,1
972,0.11,0.74,6,290,5,0,1,0,1,1
974,0.1,0.81,6,304,4,0,1,0,0,1
976,0.92,0.94,5,307,5,0,1,0,1,0
977,0.11,0.87,5,303,4,0,1,0,1,0
979,0.11,0.95,6,271,4,0,1,0,1,0
984,0.75,0.86,5,260,5,0,1,0,1,0
987,0.1,0.79,6,249,4,0,1,0,1,0
988,0.74,0.89,5,259,5,0,1,0,1,0
990,0.09,0.77,6,244,4,0,1,0,0,0
997,0.86,0.94,5,224,5,0,1,0,0,1
1001,0.11,0.85,6,267,4,0,1,0,0,1
1004,0.09,0.8,6,247,4,0,1,0,0,1
1012,0.1,0.87,6,284,4,0,1,0,0,1
1013,0.11,0.78,7,248,4,0,1,0,0,1
1020,0.74,0.87,5,258,5,0,1,0,0,0
1027,0.09,0.9,6,287,4,0,1,0,1,0
1029,0.1,0.82,6,272,4,0,1,0,1,0
1030,0.1,0.97,6,307,4,0,1,0,1,0
1032,0.84,0.88,5,237,5,0,1,0,1,0
1034,0.1,0.86,6,266,4,1,1,0,1,0
1035,0.1,0.95,6,256,4,0,1,0,1,1
1037,0.09,0.97,7,268,4,0,1,0,1,1
1040,0.11,0.89,6,309,4,0,1,0,1,1
1041,0.81,0.84,5,258,5,0,1,0,1,1
1042,0.81,0.94,5,233,6,0,1,0,1,1
1049,0.74,0.89,5,232,6,0,1,0,1,1
1051,0.09,0.92,6,261,4,0,1,0,1,1
1053,0.09,0.78,6,244,4,0,1,0,1,0
1054,0.09,0.84,6,258,4,0,1,0,1,0
1055,0.1,0.8,7,292,5,0,1,0,1,0
1058,0.31,0.95,6,235,5,0,1,0,1,0
1061,0.34,0.97,6,157,5,1,1,0,1,0
1062,0.87,0.83,5,267,5,0,1,0,1,0
1063,0.11,0.91,6,302,4,0,1,0,1,0
1068,0.74,1.0,5,223,5,0,1,0,0,0
1069,0.1,0.89,6,244,4,1,1,0,1,0
1070,0.78,0.87,5,243,5,0,1,0,1,0
1072,0.53,0.95,6,205,4,0,1,0,0,0
1076,0.09,0.79,6,276,4,0,1,0,0,1
1077,0.8,0.95,5,244,5,0,1,0,0,1
1079,0.86,0.95,5,269,6,0,1,0,0,1
1082,0.87,0.88,5,231,6,0,1,0,0,1
1086,0.9,0.86,5,254,5,0,1,0,0,2
1092,0.73,1.0,5,230,5,0,1,0,0,0
1093,0.89,0.91,5,260,5,0,1,0,0,0
1094,0.11,0.77,6,275,4,0,1,0,0,0
1095,0.1,0.77,7,308,4,0,1,0,0,0
1100,0.11,0.83,6,262,4,0,1,0,0,0
1101,0.09,0.97,7,262,4,0,1,0,1,0
1104,0.11,0.89,6,254,4,0,1,0,1,0
1107,0.72,0.82,5,269,5,0,1,0,1,0
1108,0.1,0.91,7,297,4,0,1,0,1,0
1109,0.73,0.86,5,249,5,0,1,0,1,0
1110,0.09,0.82,7,267,4,0,1,0,1,0
1112,0.09,0.82,6,251,4,0,1,0,1,0
1113,0.1,0.87,6,306,4,0,1,0,1,1
1114,0.11,0.86,6,279,4,0,1,0,1,1
1116,0.09,0.85,6,260,4,0,1,0,1,1
1117,0.72,0.88,5,249,5,0,1,0,1,1
1120,0.11,0.91,6,278,4,0,1,0,1,1
1123,0.1,0.9,7,301,4,0,1,0,1,1
1127,0.1,0.85,7,261,4,0,1,0,1,1
1128,0.1,0.89,5,270,4,0,1,0,1,1
1129,0.11,0.93,6,290,4,0,1,0,1,1
1133,0.91,0.94,5,218,6,0,1,0,1,0
1135,0.11,0.87,6,291,4,0,1,0,1,0
1136,0.86,0.91,5,265,5,0,1,0,1,0
1137,0.87,0.88,5,262,6,0,1,0,0,0
1138,0.09,0.92,6,303,5,0,1,0,0,0
1142,0.88,1.0,5,226,6,0,1,0,0,0
1143,0.1,0.91,6,286,4,0,1,0,0,0
1146,0.8,0.95,5,217,5,0,1,0,1,0
1147,0.83,0.95,5,258,5,0,1,0,1,0
1149,0.77,0.92,5,255,5,0,1,0,0,0
1153,0.1,0.88,7,300,4,0,1,0,0,1
1155,0.11,0.89,6,301,4,0,1,0,0,1
1159,0.11,0.95,7,269,5,0,1,0,0,1
1161,0.11,0.94,7,302,4,0,1,0,0,1
1163,0.78,0.99,5,241,5,0,1,0,0,1
1164,0.11,0.93,7,288,4,0,1,0,0,2
1165,0.1,0.96,6,303,4,0,1,0,0,0
1168,0.79,0.84,5,245,5,0,1,0,0,1
1170,0.09,0.91,6,248,4,0,1,0,0,0
1171,0.11,0.91,6,302,4,0,1,0,0,0
1173,0.11,0.91,6,272,4,0,1,0,0,0
1174,0.09,0.8,6,294,4,0,1,0,0,0
1180,0.77,0.89,5,243,5,0,1,0,1,0
1183,0.11,0.77,6,264,4,0,1,0,1,0
1186,0.11,0.96,6,262,4,1,1,0,1,0
1187,0.1,0.93,6,299,4,0,1,0,1,0
1188,0.09,0.8,5,279,4,0,1,0,1,0
1190,0.11,0.89,6,264,4,0,1,0,1,0
1191,0.09,0.77,6,256,5,0,1,0,1,1
1193,0.73,0.97,5,217,6,0,1,0,1,1
1197,0.79,0.96,5,218,5,0,1,0,1,1
1198,0.09,0.8,6,298,4,0,1,0,1,1
1200,0.83,1.0,5,263,5,0,1,0,1,1
1201,0.1,0.77,5,252,4,0,1,0,1,1
1203,0.42,0.97,6,259,4,0,1,0,0,2
1205,0.09,0.84,7,307,4,0,1,0,1,1
1207,0.81,0.98,5,237,5,0,1,0,1,1
1208,0.1,0.79,7,284,4,0,1,0,1,1
1209,0.1,0.93,6,243,4,0,1,0,1,0
1210,0.11,0.83,6,268,4,0,1,0,1,0
1211,0.09,0.77,6,244,4,0,1,0,1,0
1212,0.75,0.83,5,262,5,0,1,0,1,0
1214,0.09,0.87,7,278,4,0,1,0,1,0
1215,0.74,0.97,5,238,5,0,1,0,1,0
1221,0.75,0.93,5,229,5,0,1,0,0,0
1224,0.09,0.84,6,301,4,0,1,0,1,0
1228,0.1,0.85,7,310,5,0,1,0,0,0
1231,0.11,0.98,6,250,4,0,1,0,0,1
1232,0.09,0.88,7,265,4,0,1,0,0,1
1238,0.66,1.0,5,269,5,0,1,0,0,1
1242,0.1,0.85,6,297,5,0,1,0,0,2
1244,0.1,0.77,6,280,4,0,1,0,0,1
1245,0.1,0.93,6,288,4,0,1,0,0,1
1247,0.09,0.94,7,247,4,0,1,0,0,1
1249,0.1,0.82,7,284,4,0,1,0,0,0
1260,0.09,0.95,6,260,4,1,1,0,1,0
1262,0.11,0.84,6,252,4,0,1,0,1,0
1265,0.1,0.92,6,285,4,0,1,0,1,0
1271,0.11,0.97,6,288,4,0,1,0,1,1
1273,0.87,0.95,5,227,5,0,1,0,1,1
1275,0.1,0.83,6,283,5,0,1,0,1,1
1279,0.85,0.84,5,272,6,0,1,0,1,1
1281,0.75,0.88,5,270,5,0,1,0,1,2
1284,0.83,0.83,5,260,5,0,1,0,1,1
1287,0.09,0.83,7,258,4,0,1,0,1,0
1288,0.87,0.81,5,304,5,0,1,0,1,0
1291,0.1,0.9,6,272,5,0,1,0,1,0
1299,0.89,0.89,5,262,5,0,1,0,0,0
1300,0.1,0.97,7,284,4,0,1,0,1,0
1302,0.09,0.78,7,290,4,0,1,0,0,0
1305,0.62,0.77,5,227,4,0,1,0,0,0
1306,0.11,0.93,6,276,4,0,1,0,0,0
1308,0.09,0.94,6,266,4,0,1,0,0,1
1312,0.1,0.92,5,272,4,0,1,0,0,1
1313,0.72,0.85,5,246,5,0,1,0,0,1
1315,0.11,0.81,6,260,4,0,1,0,0,1
1316,0.88,1.0,5,247,5,0,1,0,0,1
1318,0.11,0.96,6,267,4,0,1,0,0,1
1320,0.1,0.86,6,306,4,0,1,0,0,2
1326,0.1,0.77,6,272,4,0,1,0,0,0
1328,0.1,0.96,7,301,4,0,1,0,0,0
1329,0.1,0.81,6,252,4,0,1,0,0,0
1331,0.09,0.86,6,297,4,0,1,0,0,0
1332,0.1,0.8,6,248,4,0,1,0,1,0
1333,0.11,0.89,7,257,4,0,1,0,1,0
1339,0.89,0.96,5,221,5,0,1,0,1,0
1340,0.1,0.96,6,275,4,0,1,0,1,0
1341,0.9,0.94,5,247,5,0,1,0,1,0
1345,0.38,1.0,5,137,4,0,1,0,1,0
1347,0.1,0.96,6,292,4,0,1,0,1,1
1348,0.89,0.83,5,130,4,1,1,0,1,1
1349,0.87,0.85,5,221,6,0,1,0,1,1
1351,0.11,0.77,6,274,4,0,1,0,1,1
1352,0.74,1.0,5,248,5,0,1,0,1,1
1354,0.1,0.92,7,273,4,0,1,0,1,1
1355,0.83,0.95,5,221,5,0,1,0,1,1
1356,0.1,0.79,6,271,4,0,1,0,1,1
1360,0.11,0.83,6,262,5,0,1,0,1,0
1361,0.75,0.89,5,272,5,0,1,0,1,1
1365,0.1,0.83,6,293,4,0,1,0,1,0
1369,0.11,0.89,6,284,4,0,1,0,1,0
1370,0.74,0.99,5,263,5,0,1,0,1,0
1376,0.74,1.0,5,222,6,0,1,0,0,0
1377,0.11,0.86,6,273,4,1,1,0,1,0
1378,0.8,0.87,5,240,6,0,1,0,1,0
1381,0.9,0.84,5,221,5,0,1,0,0,0
1382,0.1,0.88,6,263,4,0,1,0,0,0
1384,0.11,0.91,6,279,4,0,1,0,0,0
1386,0.09,0.93,7,270,4,0,1,0,0,1
1390,0.11,0.79,6,244,4,1,1,0,0,1
1399,0.11,0.86,6,299,4,1,1,0,0,0
1401,0.11,0.87,6,272,4,0,1,0,0,1
1402,0.84,0.86,5,240,5,0,1,0,0,1
1403,0.86,0.96,5,245,6,0,1,0,0,1
1404,0.79,0.93,5,269,5,0,1,0,0,0
1410,0.9,0.98,5,271,5,0,1,0,1,0
1416,0.11,0.85,6,295,4,0,1,0,1,0
1417,0.11,0.96,6,301,5,0,1,0,1,0
1418,0.1,0.95,7,296,4,0,1,0,1,0
1419,0.75,0.87,5,246,5,0,1,0,1,0
1421,0.86,0.93,5,241,5,1,1,0,1,0
1422,0.1,0.82,6,269,4,0,1,0,1,0
1425,0.1,0.94,7,287,4,0,1,0,1,1
1428,0.09,0.87,6,266,4,0,1,0,1,1
1432,0.91,0.99,5,265,5,1,1,0,1,1
1438,0.1,0.89,7,285,4,0,1,0,1,0
1441,0.11,0.83,7,255,5,0,1,0,1,1
1443,0.11,0.88,7,305,4,0,1,0,1,0
1445,0.73,0.87,5,252,5,0,1,0,1,0
1447,0.11,0.89,6,250,4,0,1,0,1,0
1451,0.78,0.86,5,260,6,0,1,0,0,0
1452,0.72,0.86,5,251,5,0,1,0,0,0
1453,0.63,0.83,6,242,5,0,1,0,0,0
1457,0.1,0.81,6,248,4,0,1,0,0,0
1464,0.1,0.92,6,279,4,0,1,0,0,1
1466,0.1,0.83,6,264,4,1,1,0,0,1
1467,0.1,0.89,7,272,4,0,1,0,0,1
1468,0.78,0.86,5,256,5,0,1,0,0,1
1473,0.09,0.96,6,245,4,0,1,0,0,1
1474,0.79,0.86,5,226,5,0,1,0,0,1
1476,0.79,0.95,5,228,5,0,1,0,0,2
1480,0.09,0.93,6,271,4,0,1,0,0,1
1482,0.09,0.77,6,310,4,0,1,0,0,0
1483,0.11,0.87,6,254,4,0,1,0,0,0
1485,0.11,0.88,7,253,4,0,1,0,0,0
1486,0.11,0.97,6,260,4,0,1,0,1,0
1488,0.1,0.96,7,288,4,0,1,0,1,0
1495,0.79,0.84,5,247,5,0,1,0,1,0
1496,0.1,0.85,7,259,4,0,1,0,1,0
1500,0.11,0.83,6,253,4,0,1,0,1,0
1502,0.1,0.83,5,271,5,0,1,0,1,0
1504,0.86,0.91,5,245,5,0,1,0,1,1
1508,0.88,0.88,5,248,5,0,1,0,1,1
1515,0.72,0.99,5,257,5,0,1,0,1,2
1518,0.89,0.98,5,274,5,0,1,0,1,1
1522,0.1,0.82,7,265,4,0,1,0,1,0
1524,0.74,0.86,5,262,5,0,1,0,1,0
1525,0.1,0.8,6,261,4,0,1,0,1,0
1526,0.82,0.9,5,248,5,0,1,0,1,0
1534,0.1,0.94,6,297,5,0,1,0,0,0
1536,0.09,0.84,7,260,4,0,1,0,0,0
1543,0.77,0.81,5,237,5,0,1,0,0,1
1545,0.1,0.78,6,310,4,0,1,0,0,1
1546,0.73,0.84,5,251,6,0,1,0,0,1
1547,0.09,0.83,6,250,4,0,1,0,0,1
1550,0.09,0.87,7,305,4,0,1,0,0,1
1553,0.82,0.82,5,220,6,0,1,0,0,1
1560,0.09,0.83,6,286,4,0,1,0,0,0
1561,0.11,0.88,6,290,4,0,1,0,0,0
1565,0.1,0.86,7,261,5,0,1,0,1,0
1566,0.1,0.96,6,274,4,0,1,0,1,0
1573,0.11,0.9,5,307,4,0,1,0,1,0
1575,0.8,0.83,5,275,5,0,1,0,1,0
1578,0.1,0.96,6,310,5,0,1,0,1,0
1581,0.73,0.96,5,256,6,1,1,0,1,1
1582,0.11,0.8,6,259,5,0,1,0,1,1
1585,0.73,0.93,5,229,5,0,1,0,1,1
1586,0.76,0.85,5,236,6,0,1,0,1,1
1587,0.09,0.96,6,281,4,0,1,0,0,1
1588,0.9,0.81,5,264,5,0,1,0,1,1
1589,0.1,0.81,6,308,4,0,1,0,1,1
1593,0.1,0.87,6,307,4,0,1,0,1,2
1597,0.83,0.95,5,230,5,0,1,0,1,1
1598,0.83,0.94,5,273,5,0,1,0,1,1
1600,0.11,0.93,7,296,4,0,1,0,1,0
1604,0.87,0.94,5,219,5,0,1,0,0,0
1607,0.83,0.88,5,239,5,0,1,0,1,0
1608,0.11,0.87,6,278,5,0,1,0,1,0
1611,0.09,0.92,7,301,4,0,1,0,0,0
1615,0.1,0.93,6,307,4,0,1,0,0,0
1621,0.91,0.95,5,241,5,0,1,0,0,1
1622,0.86,0.85,5,267,5,0,1,0,0,1
1625,0.11,0.86,6,254,4,0,1,0,0,1
1626,0.1,0.87,6,265,5,0,1,0,0,1
1629,0.86,0.97,5,269,5,0,1,0,0,1
1630,0.1,0.86,6,288,4,0,1,0,0,1
1631,0.1,0.85,6,283,4,0,1,0,0,1
1637,0.09,0.91,6,275,4,0,1,0,0,1
1640,0.91,0.89,5,217,5,0,1,0,1,0
1642,0.11,0.78,6,247,4,0,1,0,1,0
1643,0.09,0.83,6,295,5,0,1,0,1,0
1644,0.83,1.0,5,224,5,0,1,0,1,0
1645,0.11,0.78,6,281,4,0,1,0,1,0
1646,0.1,0.93,7,258,4,0,1,0,1,0
1648,0.1,0.97,7,282,4,0,1,0,1,0
1651,0.11,0.85,7,244,4,0,1,0,1,0
1652,0.87,0.97,5,250,6,0,1,0,1,0
1653,0.1,0.88,7,282,4,0,1,0,1,0
1654,0.1,0.89,7,253,4,0,1,0,1,0
1655,0.09,0.9,6,256,4,0,1,0,1,0
1656,0.84,0.85,5,260,5,0,1,0,1,0
1657,0.11,0.86,6,245,4,0,1,0,1,0
1658,0.81,0.97,5,230,5,0,1,0,1,0
1659,0.77,0.85,5,276,5,0,1,0,1,1
1662,0.81,0.83,5,269,6,0,1,0,1,1
1664,0.1,0.96,6,264,4,0,1,0,0,1
1668,0.82,0.94,5,232,5,1,1,0,1,1
1675,0.09,0.93,6,255,4,0,1,0,1,1
1676,0.1,0.81,7,270,4,0,1,0,1,1
1678,0.75,0.89,5,276,5,0,1,0,1,0
1680,0.09,0.96,7,274,5,0,1,0,0,0
1685,0.76,0.98,5,242,5,0,1,0,0,0
1694,0.1,0.87,6,248,4,0,1,0,0,0
1695,0.78,0.96,5,272,5,0,1,0,0,0
1697,0.1,0.87,7,299,4,0,1,0,0,0
1698,0.1,0.8,6,292,4,0,1,0,0,1
1701,0.09,0.77,6,282,5,0,1,0,0,1
1703,0.73,0.99,6,206,5,0,1,0,0,1
1705,0.1,0.91,6,255,4,0,1,0,0,1
1709,0.1,0.81,6,269,4,0,1,0,0,1
1710,0.11,0.97,6,254,4,0,1,0,0,2
1716,0.1,0.9,6,301,5,0,1,0,1,0
1717,0.11,0.96,6,310,4,0,1,0,1,0
1719,0.77,0.96,5,249,6,0,1,0,1,0
1722,0.81,0.93,5,265,6,0,1,0,1,0
1723,0.11,0.87,6,280,4,0,1,0,1,0
1725,0.1,0.86,5,253,4,0,1,0,1,0
1727,0.11,0.94,6,266,4,0,1,0,1,0
1732,0.84,0.97,5,256,5,0,1,0,1,0
1734,0.11,0.88,7,275,4,0,1,0,1,0
1736,0.11,0.96,7,244,4,0,1,0,1,0
1737,0.1,0.83,6,271,4,0,1,0,1,1
1738,0.86,0.88,5,268,5,0,1,0,1,1
1742,0.1,0.89,6,259,5,0,1,0,1,1
1745,0.09,0.78,6,260,4,0,1,0,1,1
1746,0.11,0.89,6,272,4,0,1,0,1,1
1749,0.09,0.91,6,243,4,0,1,0,1,2
1751,0.11,0.9,7,245,4,0,1,0,1,1
1752,0.1,0.95,6,264,5,0,1,0,1,1
1756,0.1,0.87,7,247,4,0,1,0,0,0
1759,0.73,1.0,5,253,6,0,1,0,1,0
1761,0.09,0.85,7,307,4,0,1,0,0,0
1763,0.72,1.0,5,234,5,0,1,0,0,0
1770,0.84,1.0,5,250,5,0,1,0,0,0
1771,0.09,0.86,6,245,4,0,1,0,0,0
1773,0.11,0.87,6,273,4,0,1,0,0,0
1775,0.09,0.93,6,273,5,0,1,0,0,0
1780,0.76,0.84,5,227,5,1,1,0,0,1
1785,0.09,0.96,7,264,4,0,1,0,0,1
1791,0.09,0.92,7,245,4,0,1,0,1,1
1798,0.11,0.92,7,265,4,0,1,0,1,0
1800,0.09,0.78,6,263,4,0,1,0,1,0
1801,0.11,0.79,6,264,4,0,1,0,1,0
1802,0.11,0.88,6,253,4,0,1,0,1,0
1805,0.1,0.87,6,254,5,0,1,0,1,0
1807,0.11,0.94,7,280,5,0,1,0,1,0
1809,0.72,0.95,5,271,5,0,1,0,1,0
1813,0.1,0.81,6,271,4,0,1,0,1,0
1814,0.83,0.93,5,257,5,0,1,0,1,0
1815,0.11,0.8,7,305,4,0,1,0,1,1
1818,0.83,1.0,5,269,5,0,1,0,1,1
1819,0.11,0.82,7,285,4,0,1,0,1,1
1821,0.11,0.88,6,294,4,0,1,0,1,1
1823,0.1,0.89,6,280,4,0,1,0,1,1
1825,0.82,0.91,5,276,6,0,1,0,1,1
1826,0.1,0.86,6,247,4,0,1,0,1,1
1827,0.1,0.95,5,286,4,0,1,0,1,2
1828,0.3,0.89,5,257,5,0,1,0,1,0
1829,0.1,0.93,6,258,4,0,1,0,1,1
1833,0.1,0.85,6,266,4,0,1,0,0,0
1834,0.09,0.9,6,295,4,0,1,0,0,0
1835,0.54,0.83,6,165,6,0,1,0,1,0
1837,0.1,0.79,6,275,4,0,1,0,0,0
1838,0.1,0.9,6,299,4,0,1,0,0,0
1840,0.1,0.97,7,306,4,0,1,0,0,0
1841,0.84,1.0,5,242,5,0,1,0,0,0
1847,0.09,0.84,6,269,4,0,1,0,0,0
1848,0.78,0.86,5,274,5,0,1,0,0,0
1855,0.85,0.87,5,246,5,1,1,0,0,1
1856,0.11,0.92,6,281,4,0,1,0,0,1
1857,0.11,0.9,6,253,4,0,1,0,0,1
1860,0.75,1.0,5,223,6,0,1,0,0,1
1861,0.11,0.92,6,269,4,0,1,0,0,1
1862,0.1,0.9,7,269,4,0,1,0,0,1
1863,0.1,0.81,7,244,5,0,1,0,0,1
1865,0.11,0.93,5,140,5,0,1,0,0,1
1869,0.11,0.77,6,247,4,0,1,0,1,1
1870,0.79,0.93,5,268,5,0,1,0,1,1
1871,0.8,0.9,5,267,5,0,1,0,1,1
1872,0.1,0.87,7,251,5,0,1,0,1,0
1873,0.09,0.93,6,279,4,0,1,0,1,0
1874,0.7,0.84,6,161,4,0,1,0,1,0
1876,0.11,0.8,6,304,4,0,1,0,1,0
1880,0.76,0.87,5,262,5,0,1,0,1,0
1882,0.09,0.89,6,282,4,0,1,0,1,0
1884,0.87,0.91,5,228,5,0,1,0,1,0
1885,0.1,0.86,6,283,4,0,1,0,1,0
1886,0.11,0.86,6,286,4,0,1,0,1,0
1888,0.1,0.81,6,245,4,0,1,0,1,0
1889,0.11,0.95,6,279,4,0,1,0,1,0
1890,0.85,0.87,5,245,5,0,1,0,1,0
1893,0.1,0.83,7,302,5,0,1,0,1,1
1894,0.11,0.89,6,268,4,0,1,0,1,1
1895,0.87,0.88,5,240,5,0,1,0,1,1
1897,0.1,0.94,7,264,4,0,1,0,1,1
1900,0.76,0.98,5,217,6,0,1,0,1,1
1904,0.1,0.78,5,285,4,1,1,0,1,1
1907,0.81,0.92,5,239,5,0,1,0,1,1
1908,0.83,0.85,5,237,5,0,1,0,0,1
1910,0.1,0.84,5,303,5,0,1,0,0,1
1921,0.82,0.94,5,236,5,0,1,0,0,0
1924,0.82,0.86,5,257,5,0,1,0,0,0
1927,0.09,0.95,6,271,4,0,1,0,0,0
1928,0.1,0.97,6,280,4,0,1,0,0,0
1930,0.83,0.81,5,219,5,0,1,0,0,0
1936,0.11,0.97,6,310,4,0,1,0,0,1
1939,0.1,0.79,7,310,4,0,1,0,0,1
1943,0.09,0.93,6,296,4,0,1,0,1,1
1944,0.76,0.89,5,238,5,0,1,0,1,2
1945,0.73,0.93,5,162,4,0,1,0,1,0
1947,0.72,0.84,5,257,5,0,1,0,1,1
1949,0.91,0.99,5,254,5,0,1,0,1,1
1954,0.89,0.88,5,228,5,1,1,0,1,0
1955,0.09,0.81,6,257,4,0,1,0,1,0
1957,0.76,0.83,6,293,6,0,1,0,1,0
1961,0.11,0.96,6,280,4,0,1,0,1,0
1963,0.09,0.89,7,310,4,0,1,0,1,0
1964,0.88,0.86,5,258,5,0,1,0,1,0
1965,0.84,0.94,5,262,5,0,1,0,1,0
1966,0.1,0.98,6,265,4,0,1,0,1,0
1968,0.84,0.91,5,232,6,0,1,0,0,0
1970,0.53,0.76,5,132,6,0,1,0,1,0
1979,0.92,0.82,5,265,5,0,1,0,1,1
1980,0.1,0.79,6,301,5,0,1,0,1,1
1982,0.11,0.79,6,247,4,0,1,0,1,1
1985,0.11,0.84,7,310,4,0,1,0,0,1
1986,0.84,0.82,5,240,5,0,1,0,0,1
1987,0.84,0.84,5,238,5,0,1,0,1,1
1989,0.66,0.91,5,248,4,0,1,0,0,0
1996,0.11,0.92,7,293,4,0,1,0,0,0
2007,0.99,0.91,5,136,4,0,0,0,0,0
2012,0.48,0.94,5,255,6,0,0,0,0,1
2017,0.41,0.84,6,191,6,0,0,0,0,1
2024,0.24,0.82,5,179,6,0,0,0,1,1
2108,0.74,0.76,5,104,4,0,0,0,1,0
2154,0.38,0.94,5,252,5,0,0,0,0,0
2174,0.88,0.81,5,193,5,0,0,0,1,1
2182,0.26,0.85,6,152,4,0,0,0,1,1
2206,0.16,0.98,5,284,5,0,0,0,1,1
2231,0.61,0.84,5,104,4,0,0,0,0,0
2245,0.53,0.75,6,192,6,0,0,0,0,1
2292,0.99,0.75,6,139,5,1,0,0,1,1
2315,0.78,0.76,5,168,4,1,0,0,0,0
2344,0.94,0.9,5,191,4,0,0,0,1,0
2357,0.75,0.9,5,186,4,0,0,0,1,0
2392,0.19,0.98,5,226,4,1,0,0,0,0
2421,0.69,0.76,5,255,6,0,0,0,1,0
2512,0.22,0.81,5,205,4,0,0,0,1,0
2539,0.68,0.75,6,274,5,0,0,0,0,0
2575,0.89,0.83,5,267,4,0,0,0,1,0
2612,0.14,1.0,5,174,5,0,0,0,0,1
2679,0.17,0.9,6,217,6,1,0,0,0,1
2684,0.61,0.87,5,174,4,0,0,0,0,1
2718,0.56,0.75,5,143,5,0,0,0,1,1
2742,0.34,0.87,6,175,4,0,0,0,1,0
2748,0.2,0.74,6,148,4,0,0,0,0,0
2808,0.83,0.98,5,189,4,1,0,0,0,0
2840,0.42,0.94,5,227,5,0,0,0,0,1
2842,0.73,0.88,5,204,5,0,0,0,0,0
2873,0.77,0.93,5,182,4,0,0,0,1,1
2881,0.2,0.77,6,213,4,0,0,0,1,0
2910,0.59,0.81,6,123,5,0,0,0,0,1
2917,0.74,0.81,5,106,5,0,0,0,0,1
2945,0.72,0.98,5,197,4,0,0,0,1,0
2964,0.14,0.83,5,175,6,1,0,0,1,0
3004,0.42,0.89,6,188,5,1,0,0,0,0
3024,0.41,0.96,6,171,5,1,0,0,1,1
3035,0.34,0.82,6,197,5,1,0,0,1,1
3038,0.12,0.78,6,260,5,0,0,0,0,1
3050,0.85,0.82,6,141,5,0,0,0,1,0
3128,0.12,0.93,6,257,6,1,0,0,1,0
3173,0.93,0.77,5,106,5,0,0,0,1,1
3228,0.13,0.8,5,203,5,0,0,0,0,1
3236,0.17,0.93,5,183,5,0,0,0,0,2
3249,0.19,0.78,5,156,6,0,0,0,1,1
3308,0.42,0.74,6,218,6,0,0,0,0,1
3309,0.41,0.87,6,262,6,0,0,0,0,2
3326,0.94,0.97,5,197,5,1,0,0,1,0
3345,0.17,0.78,6,284,4,0,0,0,1,1
3368,0.83,0.82,5,273,4,0,0,0,0,0
3384,0.89,0.91,5,156,4,0,0,0,0,1
3444,0.96,0.75,5,176,4,0,0,0,0,0
3456,0.24,0.87,5,268,5,0,0,0,0,1
3468,1.0,0.79,5,152,4,0,0,0,0,1
3484,0.8,0.97,5,271,4,0,0,0,1,0
3498,0.81,0.76,5,198,4,0,0,0,1,1
3518,0.15,0.76,5,277,4,0,0,0,0,0
3529,0.57,0.92,6,267,4,0,0,0,0,1
3581,0.52,0.89,5,193,4,0,0,0,1,1
3589,0.66,0.75,6,100,4,1,0,0,1,0
3594,0.31,0.98,5,232,5,0,0,0,0,0
3598,0.77,0.86,5,282,4,0,0,0,0,0
3641,0.17,0.84,5,216,4,0,0,0,1,1
3691,0.79,0.93,5,160,4,1,0,0,0,1
3735,0.7,0.83,5,261,4,0,0,0,1,2
3762,0.2,0.95,5,169,5,0,0,0,0,1
3780,0.86,0.96,5,238,5,0,0,0,1,0
3810,0.19,0.8,6,143,4,0,0,0,1,1
3832,0.69,0.9,5,226,4,0,0,0,0,2
3878,0.23,0.84,5,140,4,0,0,0,1,0
3895,0.84,0.76,5,172,5,1,0,0,1,1
3915,0.89,0.93,5,191,4,0,0,0,0,0
3944,0.78,0.91,5,150,4,0,0,0,1,0
3971,0.2,0.97,6,224,5,1,0,0,1,1
4034,0.26,0.81,5,139,4,0,0,0,1,1
4052,0.45,0.92,6,164,4,1,0,0,0,0
4126,0.14,0.76,5,260,6,0,0,0,1,2
4135,0.16,0.74,5,205,4,1,0,0,0,0
4143,1.0,1.0,5,142,4,0,0,0,0,0
4146,0.18,0.81,5,140,4,0,0,0,0,0
4167,0.15,0.94,5,244,6,0,0,0,1,2
4169,0.43,0.9,5,282,5,0,0,0,1,0
4213,0.24,0.77,5,178,5,0,0,0,0,0
4272,0.54,0.81,5,261,6,0,0,0,1,1
4273,0.56,0.81,5,274,4,0,0,0,1,1
4300,0.69,0.97,5,105,4,0,0,0,0,0
4339,0.73,0.85,5,224,4,0,0,0,1,0
4348,0.78,0.92,5,242,4,0,0,0,1,1
4395,0.92,0.78,5,193,4,0,0,0,1,2
4422,0.8,0.79,5,240,4,0,0,0,1,1
4433,0.54,0.81,5,195,4,0,0,0,0,1
4449,0.75,0.86,6,148,4,0,0,0,0,0
4453,0.41,0.86,6,215,5,0,0,0,0,0
4455,0.68,1.0,6,258,5,0,0,0,0,0
4473,0.28,0.83,5,279,4,0,0,0,1,1
4499,0.94,0.8,5,111,4,0,0,1,1,1
4534,0.7,0.84,6,225,6,0,0,0,0,0
4566,0.32,0.77,6,112,4,0,0,0,1,1
4623,0.39,0.99,6,235,6,0,0,0,1,1
4627,0.17,0.83,6,195,5,0,0,0,1,2
4630,0.24,0.89,5,228,4,1,0,0,1,2
4673,0.98,0.88,5,203,5,1,0,0,0,1
4674,0.74,0.76,5,255,4,0,0,0,0,1
4709,0.56,0.92,5,222,4,0,0,0,1,1
4730,0.69,0.9,6,224,4,0,0,1,1,0
4748,0.92,0.99,5,236,4,0,0,0,0,1
4751,0.14,0.83,5,153,5,1,0,0,0,1
4798,0.33,0.82,5,249,6,0,0,0,1,0
4833,0.22,0.88,5,154,5,0,0,0,0,0
4837,0.17,0.82,6,259,4,0,0,0,0,0
4848,0.14,0.83,5,171,6,0,0,0,1,1
4856,0.77,0.96,6,225,4,0,0,0,1,1
4874,0.74,0.79,5,237,4,0,0,0,1,0
4881,0.16,0.96,6,211,6,1,0,0,1,0
4902,0.21,0.77,6,215,4,0,0,0,0,1
4968,0.88,0.96,5,182,4,1,0,0,0,1
4975,0.86,0.94,5,209,4,0,0,0,0,0
5023,0.98,0.93,5,145,4,0,0,0,1,0
5063,0.34,0.89,5,266,6,0,0,0,0,1
5098,0.17,0.82,5,193,5,0,0,0,1,2
5099,0.75,0.76,5,175,4,0,0,0,1,0
5131,0.91,0.99,5,228,4,1,0,0,0,0
5157,0.19,0.92,5,193,6,0,0,0,1,1
5190,0.21,0.74,5,141,4,0,0,0,0,2
5235,0.91,0.79,5,273,4,1,0,0,1,1
5236,0.24,0.89,5,142,4,0,0,0,1,1
5239,0.93,0.97,5,255,4,0,0,0,1,1
5262,0.68,0.97,5,207,4,1,0,0,1,0
5267,0.28,0.79,5,202,5,0,0,0,0,0
5286,0.64,0.78,5,148,4,0,0,0,0,2
5308,0.81,0.92,5,255,4,1,0,0,1,0
5311,0.86,0.75,5,157,4,0,0,0,1,0
5363,0.29,0.8,5,103,6,0,0,0,0,1
5386,0.84,0.93,6,166,4,0,0,0,1,0
5417,0.83,0.93,6,130,5,0,0,0,1,0
5431,0.7,0.95,5,234,6,1,0,0,0,1
5436,0.99,0.8,5,254,5,0,0,0,0,1
5451,0.81,0.99,5,202,4,0,0,0,0,0
5531,0.53,0.76,5,143,4,0,0,1,1,0
5565,0.84,0.84,6,261,5,0,0,0,1,0
5567,0.51,0.78,5,225,4,0,0,0,1,0
5590,0.83,0.75,6,215,5,0,0,0,0,1
5616,0.49,0.99,6,205,5,0,0,0,1,2
5645,0.22,0.78,6,206,6,0,0,0,1,0
5650,0.99,0.82,6,185,4,1,0,0,0,2
5751,0.35,0.81,5,182,5,0,0,0,0,2
5755,0.44,0.92,6,268,4,1,0,0,0,1
5756,0.18,0.86,5,267,4,0,0,0,0,1
5762,0.79,0.9,5,212,5,0,0,0,1,0
5769,0.49,0.86,5,235,5,0,0,0,1,0
5797,0.21,0.99,6,165,4,1,0,0,1,0
5840,0.15,0.91,5,267,4,0,0,0,1,0
5847,0.77,0.85,5,221,5,0,0,0,1,0
5859,0.7,0.79,6,257,4,0,0,0,1,1
5861,0.14,0.74,6,160,5,0,0,0,1,1
5865,0.17,0.91,6,246,5,0,0,0,1,2
5872,0.85,0.74,5,170,4,0,0,0,1,0
5875,0.8,0.99,6,178,5,0,0,0,1,0
5951,0.14,0.79,5,163,6,0,0,0,1,0
6012,0.17,0.94,5,273,4,0,0,0,1,1
6031,0.23,0.88,5,156,4,0,0,0,0,0
6066,0.85,0.88,5,236,4,0,0,0,1,1
6075,0.78,0.74,6,251,4,0,0,0,1,0
6086,0.15,0.9,5,284,4,0,0,0,1,0
6104,0.99,0.85,5,261,4,0,0,0,1,1
6121,0.5,0.94,5,176,4,0,0,0,0,0
6155,0.46,0.75,6,276,6,0,0,0,1,0
6243,0.29,0.88,6,183,4,0,0,0,1,1
6249,0.6,0.78,6,211,4,1,0,0,1,1
6271,0.48,0.98,5,132,4,0,0,0,0,0
6274,0.46,0.87,5,254,5,1,0,0,0,0
6277,0.97,0.75,5,228,4,0,0,0,0,0
6298,0.6,0.85,5,187,4,0,0,0,1,1
6302,0.68,0.79,5,139,4,0,0,0,1,0
6311,0.8,0.88,5,199,4,0,0,0,1,0
6358,0.81,0.98,5,243,6,0,0,0,0,1
6374,0.69,0.97,5,240,4,0,0,0,1,1
6421,0.24,0.91,5,177,5,0,0,0,0,0
6428,0.9,0.98,5,148,4,0,0,0,0,1
6439,0.18,0.92,5,251,4,0,0,0,0,1
6455,0.44,0.87,5,104,4,0,0,0,1,2
6472,0.14,0.98,6,221,5,0,0,0,1,0
6485,0.63,1.0,5,241,4,0,0,0,1,1
6496,0.86,0.87,5,156,4,0,0,0,0,0
6500,0.4,0.87,5,250,4,0,0,0,0,0
6512,0.23,0.74,5,219,4,0,0,0,0,1
6513,0.7,0.99,5,135,4,0,0,0,0,1
6555,0.19,0.8,5,203,6,0,0,0,1,1
6620,0.17,0.93,6,192,4,0,0,0,1,0
6644,0.64,0.9,5,279,5,0,0,0,0,1
6656,0.22,0.92,6,220,4,1,0,0,0,0
6665,0.52,0.86,6,103,4,0,0,0,0,0
6684,0.63,0.86,6,206,6,0,0,0,1,1
6765,0.96,1.0,5,152,4,0,0,0,1,0
6779,0.31,0.92,5,197,5,0,0,0,1,0
6782,0.66,0.85,5,271,4,0,0,0,1,0
6798,0.39,1.0,5,204,5,1,0,0,0,1
6830,0.56,0.77,5,238,4,0,0,0,1,1
6836,0.67,0.81,5,175,6,1,0,0,1,1
6865,0.23,0.88,5,238,6,0,0,0,1,1
6875,0.8,0.74,5,181,4,1,0,0,0,1
6917,0.75,0.86,6,114,4,0,0,0,1,2
6928,0.97,0.96,5,210,6,1,0,0,1,0
6971,0.81,0.77,5,102,5,0,0,0,0,1
7004,0.85,0.87,6,232,6,0,0,0,1,0
7012,0.76,0.84,5,137,4,0,0,0,1,2
7024,0.57,0.97,5,126,5,0,0,0,0,1
7028,0.42,0.74,5,256,6,0,0,0,0,1
7030,0.71,0.96,5,135,4,1,0,0,0,0
7087,0.94,0.8,5,170,4,0,0,0,1,2
7092,0.29,0.95,5,117,4,0,0,0,1,0
7169,0.21,0.98,6,208,5,1,0,0,1,0
7210,0.51,0.89,6,170,4,0,0,0,0,0
7241,0.96,0.93,6,240,6,0,0,0,1,0
7244,0.14,0.99,6,251,4,0,0,0,1,0
7371,0.21,0.85,6,221,5,0,0,0,1,1
7424,0.23,0.99,5,176,4,1,0,0,0,0
7430,0.79,0.77,6,233,6,0,0,0,0,0
7433,0.2,0.8,6,251,5,0,0,0,0,1
7449,0.79,0.97,5,208,4,1,0,0,1,1
7505,0.56,0.77,5,279,4,0,0,0,0,0
7515,0.94,0.77,5,233,4,0,0,0,1,2
7525,0.94,0.88,5,150,4,0,0,0,1,1
7540,0.5,0.98,5,177,4,0,0,0,0,1
7563,0.5,0.96,5,229,4,0,0,0,0,1
7616,0.71,0.8,5,248,4,0,0,0,0,1
7688,0.51,0.9,5,193,4,0,0,0,1,1
7712,0.6,0.86,6,272,4,0,0,0,1,0
7722,0.2,0.9,5,228,6,0,0,0,0,1
7734,0.34,0.78,5,137,4,0,0,0,0,0
7752,0.13,0.74,6,132,4,1,0,0,1,1
7762,0.82,0.87,5,273,6,0,0,0,1,1
7806,0.12,0.82,5,162,4,1,0,0,0,1
7816,0.3,0.88,5,245,4,0,0,0,0,0
7837,0.14,0.98,5,172,5,0,0,0,1,1
7845,0.18,0.87,6,226,4,0,0,0,1,2
7876,0.16,0.76,6,218,6,0,0,0,0,1
7888,0.45,0.79,5,97,6,1,0,0,0,2
7918,0.9,0.81,6,273,5,0,0,0,1,1
7923,0.98,0.87,5,151,6,0,0,0,1,1
7963,0.21,0.76,6,219,4,1,0,0,0,1
7987,0.34,0.76,6,237,5,0,0,0,1,2
8008,0.98,0.75,5,168,4,1,0,0,1,1
8022,0.98,0.98,5,210,6,0,0,0,0,0
8041,0.36,0.8,5,186,4,0,0,0,0,1
8062,0.24,0.91,5,258,6,0,0,0,1,0
8074,0.26,0.98,5,161,5,0,0,0,1,1
8149,0.95,0.89,5,132,4,0,0,0,1,1
8151,0.39,0.87,5,257,5,1,0,0,1,1
8166,0.21,0.85,6,235,6,0,0,0,1,0
8193,0.17,0.85,6,245,5,0,0,0,0,1
8216,0.39,0.85,5,179,5,0,0,0,1,0
8218,0.19,0.85,6,210,4,0,0,0,1,1
8236,0.56,0.8,5,202,4,0,0,0,1,0
8267,0.91,0.93,5,158,4,0,0,0,0,1
8273,0.99,0.92,5,174,5,0,0,0,0,1
8319,0.93,0.97,5,137,4,0,0,0,1,0
8355,0.53,0.78,5,275,5,0,0,0,0,0
8374,0.57,0.75,5,172,4,0,0,0,1,1
8389,0.66,0.85,6,165,5,0,0,0,1,1
8394,0.65,0.99,5,240,5,0,0,0,1,1
8413,0.84,0.93,5,225,4,0,0,0,0,2
8419,0.55,0.97,5,125,4,0,0,0,0,1
8445,0.7,0.8,5,245,4,0,0,0,1,2
8451,0.22,0.89,6,278,5,1,0,0,1,1
8453,0.18,0.76,5,173,4,0,0,0,1,1
8458,0.69,0.91,6,150,5,0,0,0,1,1
8489,0.25,0.98,6,287,5,1,0,0,0,0
8506,0.24,0.94,6,237,5,0,0,0,0,1
8560,0.64,0.78,5,156,5,1,0,0,0,0
8578,0.82,0.95,6,191,6,0,0,0,0,1
8585,0.85,0.96,5,165,5,0,0,0,1,1
8640,0.34,0.88,5,131,6,0,0,0,0,0
8649,0.58,0.88,5,178,4,0,0,0,0,1
8657,0.83,0.98,5,187,4,0,0,0,0,1
8680,0.15,0.96,5,201,6,0,0,0,1,0
8690,0.4,0.79,5,181,5,0,0,0,1,1
8695,0.85,0.99,5,176,4,0,0,0,1,0
8704,0.49,0.99,6,230,4,0,0,0,0,0
8711,0.62,0.82,5,151,5,0,0,0,0,0
8748,0.21,0.81,5,169,4,0,0,0,1,1
8758,0.9,0.88,5,256,4,0,0,0,1,1
8798,0.24,0.78,5,131,5,0,0,0,0,0
8799,0.92,0.95,6,239,4,0,0,0,0,1
8812,0.52,0.92,5,280,6,1,0,0,0,2
8832,0.25,0.8,5,186,4,1,0,0,1,1
8862,0.25,0.96,6,217,4,0,0,0,0,0
8895,0.93,0.92,5,185,5,0,0,0,1,0
8907,0.23,0.79,5,196,5,1,0,0,1,0
9001,0.19,0.81,5,245,5,0,0,0,1,1
9013,0.35,0.78,5,275,4,0,0,0,0,0
9014,0.92,0.77,5,217,4,0,0,0,0,0
9069,0.39,0.75,5,286,5,0,0,0,1,0
9094,0.51,0.96,5,268,4,0,0,0,0,0
9138,0.96,0.74,5,160,5,1,0,0,1,0
9151,0.86,0.9,5,180,4,0,0,0,1,1
9168,0.57,0.96,5,203,4,0,0,0,0,0
9175,0.64,0.99,5,262,5,0,0,0,0,0
9203,0.24,0.74,6,106,5,0,0,0,1,0
9227,0.17,0.81,5,280,4,0,0,0,1,1
9285,0.25,0.75,5,194,5,1,0,0,1,0
9292,0.18,0.96,5,208,6,0,0,0,1,1
9314,0.74,0.95,5,170,4,0,0,0,1,1
9370,0.77,0.83,5,197,4,0,0,0,0,2
9372,0.22,0.74,5,178,5,0,0,0,1,0
9373,0.24,0.89,5,169,4,0,0,0,1,0
9487,0.62,0.78,5,250,6,0,0,0,0,0
9496,0.25,0.94,6,199,4,0,0,0,0,1
9573,0.93,0.78,5,191,4,0,0,0,0,1
9583,0.85,0.99,6,153,6,0,0,0,1,1
9633,0.23,0.84,5,131,5,0,0,0,0,0
9641,0.61,0.83,5,269,5,1,0,0,0,0
9653,0.82,0.82,5,193,4,0,0,0,1,1
9668,0.24,0.76,6,213,4,0,0,0,1,1
9689,0.69,0.91,6,247,6,0,0,0,1,1
9697,0.88,0.96,5,173,4,0,0,0,0,1
9734,0.51,0.88,5,230,4,0,0,0,1,1
9735,0.22,0.85,6,172,6,1,0,0,1,1
9807,0.5,0.8,6,201,5,0,0,0,1,1
9820,0.96,0.85,5,211,4,0,0,0,1,0
9828,0.14,0.83,6,275,6,0,0,0,1,0
9906,0.82,0.85,5,195,4,0,0,0,1,0
9921,0.23,0.74,5,120,4,0,0,0,0,2
9932,0.17,0.89,5,261,5,0,0,0,0,1
9959,0.43,0.92,5,151,4,0,0,0,1,0
9995,0.93,0.79,5,241,4,0,0,0,0,2
9999,0.26,0.91,5,183,6,0,0,0,1,1
10017,0.89,0.84,6,196,4,0,0,0,0,1
10049,0.25,0.8,5,237,6,0,0,0,1,1
10061,0.96,0.95,6,215,4,0,0,0,1,0
10067,0.81,0.77,5,167,4,0,0,0,1,0
10073,0.23,0.87,5,258,4,1,0,0,0,2
10085,0.15,0.8,5,121,5,0,0,0,0,1
10091,0.51,1.0,5,196,4,0,0,0,0,1
10098,0.73,0.83,5,266,5,0,0,0,0,0
10124,0.57,0.75,5,171,4,0,0,0,1,1
10138,0.91,0.88,5,123,5,0,0,0,1,0
10185,0.96,0.8,5,195,4,1,0,0,0,0
10186,0.75,0.89,5,154,4,0,0,0,0,0
10206,0.64,0.9,6,143,5,0,0,0,1,2
10224,0.13,0.76,5,171,5,0,0,0,1,1
10239,0.95,0.81,5,210,4,0,0,0,0,1
10252,0.32,0.81,5,111,4,0,0,0,0,1
10272,0.5,0.75,5,178,6,0,0,0,1,1
10287,0.76,0.81,5,270,4,0,0,0,1,1
10294,0.16,0.97,6,282,4,0,0,0,1,0
10326,0.12,0.84,5,230,4,0,0,0,0,1
10339,0.14,0.76,5,215,4,0,0,0,1,0
10361,0.52,0.96,6,166,5,1,0,0,1,1
10395,0.16,0.76,6,210,5,0,0,0,0,1
10398,0.96,0.74,5,194,4,1,0,0,0,1
10406,0.25,0.82,5,244,5,1,0,0,0,1
10492,0.51,0.94,5,260,4,0,0,0,1,0
10497,0.74,0.93,6,225,4,0,0,0,1,0
10536,0.61,0.88,5,134,4,0,0,0,1,0
10548,0.27,0.85,5,142,6,0,0,0,0,1
10550,0.21,0.81,5,142,4,0,0,0,0,1
10557,0.81,0.75,5,101,5,0,0,0,0,1
10571,0.15,0.91,6,98,6,1,0,0,1,0
10591,0.98,0.79,5,257,4,0,0,0,1,1
10651,0.13,0.76,5,219,4,0,0,0,1,0
10678,0.16,0.83,5,173,4,0,0,0,1,2
10726,0.13,0.84,5,189,5,0,0,0,1,0
10751,0.84,0.96,6,155,5,0,0,0,1,1
10753,0.6,0.86,6,247,6,0,0,0,1,1
10782,0.75,0.77,5,199,4,0,0,0,0,1
10813,0.76,0.88,5,265,4,0,0,0,1,0
10878,1.0,0.88,6,201,4,0,0,0,1,0
10883,0.48,0.86,5,198,4,0,0,0,1,0
10888,0.2,0.94,6,191,5,0,0,0,1,0
10893,0.59,0.97,5,179,6,0,0,0,1,1
10900,1.0,0.79,5,171,5,0,0,0,1,1
10942,0.16,0.82,6,202,4,1,0,1,0,1
10948,0.76,0.79,5,187,4,0,0,0,0,1
10972,0.89,0.74,5,260,6,0,0,0,1,1
11005,0.19,0.83,5,280,4,0,0,0,1,0
11012,0.95,0.74,5,243,6,0,0,0,0,1
11017,0.73,0.88,5,233,4,1,0,0,0,1
11037,0.72,0.85,5,237,4,0,0,0,0,0
11104,0.85,0.87,6,232,5,0,0,0,0,2
11112,0.85,0.94,5,235,4,0,0,0,0,0
11120,0.68,0.89,5,218,5,0,0,0,0,0
11124,0.29,0.75,6,271,10,0,0,0,0,1
11126,0.25,0.9,6,229,8,0,0,0,0,1
11130,0.82,0.87,5,145,6,0,0,0,0,1
11131,0.19,0.97,6,269,6,0,0,0,0,1
11142,0.13,0.9,5,264,6,0,0,0,1,2
11166,0.48,0.77,6,274,6,0,0,0,1,1
11169,0.77,0.83,5,216,4,0,0,0,1,1
11174,0.61,0.97,6,286,4,0,0,0,1,1
11179,0.65,0.9,6,217,4,1,0,1,1,1
11213,0.93,0.95,5,176,6,0,0,1,0,1
11214,0.5,1.0,5,264,8,0,0,1,0,2
11254,0.24,0.94,6,144,4,0,0,0,1,0
11270,0.16,0.93,5,210,7,0,0,1,0,1
11279,0.22,0.91,6,222,8,0,0,0,1,0
11299,0.77,0.75,6,246,6,0,0,0,0,0
11300,0.77,0.76,6,263,6,0,0,0,0,0
11306,0.26,0.99,5,184,5,0,0,0,0,0
11318,0.75,0.94,5,194,4,0,0,0,1,0
11324,0.23,0.94,5,242,4,0,0,0,1,1
11360,0.62,0.75,5,165,4,0,0,0,0,1
11393,0.33,0.97,5,130,4,0,0,0,0,2
11394,0.14,0.79,5,271,4,0,0,0,0,2
11456,0.19,0.8,6,157,6,1,0,0,0,0
11469,0.91,0.8,5,169,4,0,0,0,0,0
11489,0.59,0.94,5,157,7,1,0,0,0,1
11491,0.61,0.88,5,146,7,1,0,0,0,0
11506,0.69,0.78,5,131,8,0,0,0,1,0
11507,0.93,0.74,5,248,8,1,0,0,1,0
11511,0.72,0.88,5,216,10,1,0,0,1,1
11516,0.71,0.97,5,208,8,1,0,0,0,1
11526,0.47,0.76,6,174,10,0,0,0,1,1
11565,0.96,0.97,6,137,10,0,0,0,0,0
11573,0.24,0.81,6,263,7,0,0,0,0,2
11603,0.69,0.86,5,195,6,0,0,0,0,2
11623,0.66,0.95,5,192,7,0,0,0,0,1
11651,0.61,0.77,5,232,7,0,0,0,0,1
11671,0.71,0.93,5,140,8,0,0,0,0,1
11674,0.95,0.77,5,199,10,1,0,0,0,1
11694,0.16,0.96,5,137,5,1,0,0,1,0
11722,0.16,0.95,6,117,7,0,0,0,0,1
11726,0.57,0.82,5,233,7,0,0,1,0,1
11743,0.79,0.86,5,238,8,0,0,0,0,0
11754,0.61,0.79,5,230,10,0,0,0,0,2
11808,0.69,0.9,5,103,5,0,0,0,1,0
11826,0.81,0.81,5,250,4,0,0,1,0,1
11835,0.16,0.93,6,218,6,1,0,0,1,2
11893,0.74,0.79,5,121,5,0,0,1,0,2
11901,0.24,0.88,5,199,5,1,0,0,0,1
11905,0.21,0.85,6,285,7,0,0,0,0,1
11930,0.97,0.92,6,137,8,1,0,0,1,0
11933,0.95,0.99,5,251,4,0,0,0,1,0
11938,0.15,0.74,6,144,7,0,0,1,0,2
11996,0.74,0.95,5,266,10,0,0,1,0,2
12001,0.8,0.86,5,262,6,0,1,0,0,1
12002,0.11,0.88,7,272,4,0,1,0,0,1
12003,0.72,0.87,5,223,5,0,1,0,0,0
12006,0.1,0.77,6,247,4,0,1,0,0,0
12007,0.92,0.85,5,259,5,0,1,0,0,0
12008,0.89,1.0,5,224,5,0,1,0,0,0
12011,0.11,0.81,6,305,4,0,1,0,0,0
12019,0.76,0.89,5,262,5,0,1,0,0,0
12020,0.11,0.83,6,282,4,0,1,0,0,0
12022,0.09,0.95,6,304,4,0,1,0,0,0
12025,0.89,0.92,5,242,5,0,1,0,0,0
12035,0.1,0.94,6,255,4,0,1,0,1,0
12038,0.11,0.89,6,306,4,0,1,0,1,0
12040,0.87,0.88,5,269,5,0,1,0,1,0
12043,0.1,0.8,7,281,4,0,1,0,1,0
12044,0.09,0.89,6,276,4,0,1,0,1,0
12054,0.1,0.92,7,307,4,0,1,0,1,0
12056,0.11,0.94,7,255,4,0,1,0,1,0
12057,0.1,0.81,6,309,4,0,1,0,1,0
12060,0.85,0.91,5,226,5,0,1,0,0,1
12061,0.11,0.93,7,308,4,0,1,0,1,1
12062,0.1,0.95,6,244,5,0,1,0,1,1
12064,0.11,0.94,6,286,4,0,1,0,1,1
12068,0.76,0.86,5,223,5,1,1,0,1,1
12071,0.09,0.77,5,275,4,0,1,0,1,1
12073,0.09,0.87,7,295,4,0,1,0,1,0
12074,0.11,0.97,6,277,4,0,1,0,1,1
12075,0.11,0.79,7,306,4,0,1,0,1,1
12076,0.1,0.83,6,295,4,0,1,0,1,1
12084,0.11,0.77,6,291,4,0,1,0,0,0
12085,0.11,0.87,6,305,4,0,1,0,0,0
12089,0.1,0.79,6,291,4,0,1,0,0,0
12091,0.89,1.0,5,246,5,0,1,0,0,0
12094,0.09,0.83,6,255,4,0,1,0,0,0
12096,0.1,0.77,6,265,4,0,1,0,0,0
12097,0.1,0.84,6,279,4,0,1,0,0,0
12098,0.11,0.97,6,284,4,0,1,0,0,0
12099,0.9,1.0,5,221,6,0,1,0,0,1
12103,0.09,0.94,7,267,4,0,1,0,0,1
12111,0.09,0.85,6,289,4,0,1,0,0,2
12114,0.84,1.0,5,234,5,0,1,0,1,1
12117,0.11,0.84,6,251,4,0,1,0,1,0
12123,0.11,0.84,6,300,5,1,1,0,1,0
12125,0.11,0.92,6,260,4,0,1,0,1,0
12128,0.09,0.82,6,250,4,0,1,0,1,0
12130,0.1,0.83,6,292,4,0,1,0,1,0
12132,0.9,1.0,5,221,5,0,1,0,1,0
12135,0.31,0.84,7,133,5,0,1,0,1,0
12136,0.1,0.84,6,283,4,1,1,0,1,0
12139,0.73,0.87,5,257,5,0,1,0,1,0
12140,0.09,0.96,6,245,4,0,1,0,1,0
12142,0.11,0.8,6,256,4,0,1,0,1,0
12147,0.11,0.87,6,306,4,0,1,0,1,0
12150,0.11,0.91,6,278,4,0,1,0,0,0
12155,0.11,0.8,6,304,4,0,1,0,0,0
12156,0.83,1.0,5,240,5,0,1,0,1,0
12157,0.11,0.92,6,305,4,0,1,0,1,0
12160,0.1,0.95,7,301,4,0,1,0,0,0
12161,0.9,0.98,5,243,6,0,1,0,0,0
12163,0.79,0.89,5,239,5,0,1,0,0,0
12164,0.9,0.99,5,260,5,0,1,0,0,0
12165,0.11,0.84,7,296,4,0,1,0,0,0
12172,0.11,0.78,7,278,4,0,1,0,0,0
12173,0.1,0.88,6,284,4,0,1,0,0,0
12179,0.11,0.85,6,308,5,0,1,0,0,1
12181,0.1,0.84,6,261,4,0,1,0,0,1
12182,0.89,0.99,5,257,5,0,1,0,0,1
12183,0.11,0.8,6,285,4,0,1,0,0,1
12186,0.09,0.85,6,297,4,0,1,0,0,1
12190,0.09,0.8,7,283,5,0,1,0,1,0
12193,0.09,0.82,6,249,4,0,1,0,1,1
12195,0.09,0.8,6,304,4,0,1,0,1,0
12197,0.1,0.91,6,287,4,0,1,0,1,0
12198,0.1,0.89,7,285,4,0,1,0,1,0
12199,0.77,0.94,5,226,6,0,1,0,1,0
12200,0.9,0.82,5,259,5,0,1,0,1,0
12202,0.76,1.0,5,219,5,0,1,0,1,0
12203,0.1,0.93,6,256,4,0,1,0,1,0
12204,0.87,0.9,5,254,6,0,1,0,1,0
12206,0.77,0.99,5,228,5,0,1,0,1,0
12212,0.88,1.0,5,219,5,0,1,0,1,0
12217,0.9,0.98,5,245,5,0,1,0,1,0
12219,0.89,0.87,5,225,5,0,1,0,1,0
12220,0.1,0.84,6,286,4,0,1,0,1,0
12223,0.87,0.9,5,252,5,0,1,0,1,0
12228,0.85,0.95,5,236,5,0,1,0,0,0
12229,0.78,0.98,5,239,6,0,1,0,0,0
12231,0.92,0.99,5,255,6,0,1,0,0,0
12232,0.11,0.83,6,244,4,0,1,0,0,0
12239,0.1,0.97,7,254,4,0,1,0,0,0
12240,0.1,0.87,7,289,4,0,1,0,0,0
12244,0.89,0.86,5,275,5,0,1,0,0,0
12249,0.11,0.84,6,298,4,0,1,0,0,0
12250,0.79,0.87,5,261,5,0,1,0,0,0
12251,0.79,0.92,5,254,6,0,1,0,0,0
12256,0.11,0.81,6,266,4,1,1,0,0,1
12258,0.88,0.88,5,232,5,1,1,0,0,1
12259,0.11,0.84,6,287,4,0,1,0,0,1
12261,0.82,0.97,5,263,5,0,1,0,0,1
12263,0.11,0.78,6,260,4,0,1,0,0,1
12266,0.11,0.95,6,286,4,0,1,0,1,1
12269,0.38,0.86,6,139,6,0,1,0,1,1
12271,0.11,0.84,6,251,4,0,1,0,1,1
12272,0.81,0.93,5,270,5,0,1,0,1,1
12273,0.09,0.96,6,296,4,0,1,0,1,0
12274,0.11,0.9,6,254,4,0,1,0,1,0
12275,0.81,0.95,5,238,6,0,1,0,1,0
12276,0.1,0.97,6,267,4,1,1,0,1,0
12277,0.74,0.89,5,229,6,0,1,0,1,0
12278,0.09,0.78,6,254,4,0,1,0,1,0
12280,0.1,0.98,6,268,4,0,1,0,1,0
12282,0.83,0.92,5,267,6,0,1,0,1,0
12283,0.1,0.93,6,289,4,1,1,0,1,0
12286,0.11,0.83,6,306,4,0,1,0,1,0
12287,0.11,0.79,6,292,4,0,1,1,1,0
12288,0.82,0.91,5,232,5,0,1,0,1,0
12291,0.87,0.84,5,231,5,0,1,0,1,0
12293,0.11,0.91,6,308,4,1,1,0,1,0
12294,0.1,0.93,6,253,4,0,1,0,1,1
12299,0.74,0.84,5,249,5,0,1,0,1,1
12302,0.1,0.77,7,250,5,0,1,0,1,1
12304,0.89,0.87,5,255,5,0,1,0,1,1
12307,0.11,0.81,5,287,4,0,1,0,0,0
12309,0.1,0.94,6,285,4,0,1,0,1,1
12310,0.1,0.93,7,305,4,0,1,0,1,1
12311,0.11,0.95,7,300,4,0,1,0,0,1
12314,0.1,0.81,6,268,4,0,1,0,0,0
12318,0.11,0.94,6,276,4,0,1,0,0,0
12321,0.82,0.84,5,244,5,0,1,0,0,0
12323,0.11,0.91,7,287,4,0,1,0,0,0
12327,0.88,0.99,5,262,6,0,1,0,0,0
12328,0.1,0.85,6,266,4,0,1,0,0,0
12331,0.11,0.85,7,302,4,0,1,0,0,0
12332,0.09,0.98,6,271,4,0,1,0,0,0
12334,0.1,0.81,6,290,4,0,1,0,0,1
12336,0.77,0.87,5,266,5,0,1,0,0,1
12339,0.1,0.91,6,246,4,0,1,0,0,1
12340,0.09,0.89,7,308,5,0,1,0,0,1
12342,0.9,1.0,5,232,5,0,1,0,1,1
12345,0.1,0.86,6,278,4,0,1,0,1,2
12347,0.11,0.8,6,282,4,0,1,0,1,1
12348,0.11,0.84,7,264,4,0,1,0,1,1
12350,0.09,0.8,6,304,5,0,1,0,1,1
12354,0.33,0.88,6,219,5,0,1,0,1,0
12359,0.09,0.91,6,275,4,0,1,0,1,0
12360,0.1,0.87,6,290,4,0,1,0,1,0
12363,0.72,0.96,5,267,5,0,1,0,1,0
12366,0.1,0.83,6,258,4,0,1,0,0,0
12368,0.82,0.86,5,243,5,0,1,0,1,0
12369,0.1,0.82,6,266,4,0,1,0,1,0
12374,0.86,0.84,5,254,5,0,1,0,1,1
12375,0.73,0.99,5,262,5,0,1,0,1,1
12385,0.75,0.9,5,256,5,0,1,0,1,0
12386,0.1,0.93,6,298,4,0,1,0,1,1
12387,0.1,0.97,6,247,4,0,1,0,0,1
12393,0.11,0.93,6,282,4,0,1,0,0,0
12397,0.09,0.79,6,293,5,0,1,0,0,0
12399,0.1,0.87,6,250,4,0,1,0,0,0
12400,0.91,1.0,5,251,6,0,1,0,0,0
12402,0.74,1.0,5,275,5,0,1,0,0,0
12403,0.92,0.93,5,240,5,0,1,0,0,0
12404,0.76,0.87,5,245,5,0,1,0,0,0
12406,0.73,0.99,5,241,5,0,1,0,0,0
12407,0.09,0.94,6,257,4,0,1,0,0,0
12414,0.91,0.97,5,233,5,0,1,0,0,1
12417,0.11,0.9,6,264,4,0,1,0,1,1
12420,0.09,0.96,6,268,4,0,1,0,1,1
12421,0.1,0.94,6,287,4,0,1,0,1,1
12422,0.86,1.0,5,257,5,0,1,0,1,1
12434,0.1,0.84,6,309,4,0,1,0,1,0
12436,0.11,0.85,6,261,4,0,1,0,1,0
12442,0.77,1.0,5,229,5,0,1,0,0,0
12443,0.81,0.98,5,245,5,0,1,0,1,0
12445,0.09,0.94,6,283,5,0,1,0,1,0
12447,0.1,0.84,5,298,4,0,1,0,1,0
12449,0.81,0.92,5,239,5,0,1,0,1,0
12451,0.85,0.98,5,248,5,0,1,0,1,1
12452,0.1,0.87,6,286,4,0,1,0,1,1
12454,0.09,0.97,7,254,4,1,1,0,1,1
12456,0.86,0.93,5,223,5,0,1,0,1,1
12464,0.82,0.98,5,234,5,0,1,0,0,1
12467,0.09,0.95,6,292,4,0,1,0,0,1
12468,0.9,0.92,5,245,5,0,1,0,0,0
12470,0.1,0.85,6,260,4,0,1,0,0,0
12472,0.89,0.85,5,266,5,0,1,0,0,0
12474,0.87,1.0,5,242,5,0,1,0,0,0
12476,0.11,0.87,5,271,4,0,1,0,0,0
12477,0.09,0.79,6,275,4,0,1,0,0,0
12478,0.76,0.83,5,227,5,0,1,0,0,0
12479,0.11,0.96,7,277,5,0,1,0,0,0
12481,0.1,0.79,6,274,4,0,1,0,0,0
12488,0.1,0.83,7,276,4,0,1,0,0,0
12492,0.11,0.83,6,244,4,0,1,0,0,1
12493,0.1,0.94,6,309,4,0,1,0,1,1
12494,0.84,1.0,5,218,5,0,1,0,1,1
12496,0.1,0.82,6,244,4,0,1,0,1,1
12500,0.91,0.84,5,265,5,0,1,0,1,1
12502,0.11,0.87,7,282,5,0,1,0,1,0
12505,0.11,0.97,6,289,5,0,1,0,1,1
12512,0.09,0.96,6,259,4,0,1,0,1,0
12513,0.11,0.89,6,293,4,0,1,0,1,0
12514,0.83,0.96,5,275,5,0,1,0,1,0
12515,0.88,1.0,5,219,6,1,1,0,1,0
12516,0.1,0.89,6,247,4,0,1,0,1,0
12517,0.09,0.86,7,309,4,0,1,0,1,0
12522,0.1,0.95,7,289,4,0,1,0,1,0
12524,0.75,0.99,5,221,5,0,1,0,1,0
12527,0.09,0.9,7,289,4,0,1,0,1,0
12528,0.09,0.8,6,301,5,0,1,0,1,1
12532,0.1,0.84,6,246,4,0,1,0,0,1
12534,0.75,0.85,5,240,6,1,1,0,0,1
12536,0.11,0.85,6,305,4,0,1,0,0,1
12538,0.87,1.0,5,261,5,1,1,0,1,1
12539,0.11,0.94,7,244,4,0,1,0,0,1
12542,0.77,0.91,5,236,5,0,1,0,0,1
12543,0.89,0.92,5,237,5,0,1,0,0,1
12545,0.78,1.0,5,236,5,0,1,0,0,1
12550,0.11,0.96,6,298,4,0,1,0,0,0
12551,0.75,0.99,5,254,5,0,1,0,0,0
12552,0.82,0.85,5,248,5,0,1,0,0,0
12553,0.79,1.0,5,257,6,0,1,0,0,0
12555,0.1,0.9,7,281,4,0,1,0,0,0
12559,0.11,0.8,7,296,4,0,1,0,0,0
12560,0.09,0.86,6,279,4,0,1,0,0,0
12563,0.1,0.77,7,291,4,0,1,0,0,0
12566,0.11,0.79,7,310,4,0,1,0,0,0
12567,0.1,0.97,6,282,4,0,1,0,0,1
12572,0.75,0.97,5,243,6,0,1,0,1,1
12578,0.9,0.96,5,243,5,0,1,0,1,1
12581,0.81,0.88,5,242,5,0,1,0,1,1
12582,0.74,0.87,5,242,5,0,1,0,1,1
12588,0.87,0.9,5,258,5,0,1,0,1,0
12592,0.1,0.8,6,264,4,0,1,0,1,0
12594,0.1,0.77,6,255,4,0,1,0,0,0
12595,0.09,0.87,5,263,4,0,1,0,1,0
12596,0.86,0.84,5,222,5,0,1,0,1,0
12597,0.11,0.9,6,263,4,0,1,0,1,0
12599,0.11,0.92,7,307,4,0,1,0,1,0
12600,0.77,0.98,5,259,6,0,1,0,1,0
12601,0.84,0.94,5,222,6,0,1,0,1,0
12602,0.1,0.84,7,250,4,0,1,0,1,0
12603,0.83,0.9,5,245,5,0,1,0,1,0
12604,0.11,0.79,6,292,4,0,1,0,1,0
12605,0.86,0.92,5,252,5,0,1,0,1,0
12607,0.11,0.88,5,250,4,0,1,0,1,1
12609,0.1,0.85,7,279,4,0,1,0,1,1
12610,0.09,0.95,7,256,4,0,1,0,0,1
12613,0.81,0.97,5,243,5,0,1,0,1,1
12614,0.09,0.9,7,296,4,0,1,0,1,1
12615,0.1,0.88,7,267,4,0,1,0,0,1
12621,0.1,0.86,6,247,4,0,1,0,0,1
12625,0.78,0.98,5,263,6,0,1,0,0,0
12628,0.72,0.85,5,244,6,0,1,0,0,0
12630,0.1,0.9,7,286,4,0,1,0,0,0
12632,0.11,0.89,6,260,5,0,1,0,0,0
12634,0.82,0.92,5,225,5,0,1,0,0,0
12642,0.73,0.97,5,235,5,0,1,0,0,0
12646,0.51,0.83,5,249,4,0,1,0,1,1
12651,0.09,0.88,6,269,4,0,1,0,1,1
12652,0.09,0.77,6,290,4,0,1,0,1,1
12654,0.1,0.89,7,308,4,0,1,0,1,1
12656,0.79,0.86,5,235,5,0,1,0,1,1
12659,0.77,0.91,5,221,6,0,1,0,1,1
12662,0.78,0.89,5,274,6,0,1,0,1,1
12663,0.1,0.79,6,256,5,0,1,0,1,0
12664,0.1,0.77,5,276,4,0,1,0,1,0
12665,0.75,0.85,5,267,5,0,1,0,1,0
12668,0.1,0.92,6,258,4,0,1,0,1,0
12670,0.11,0.95,6,245,4,0,1,0,0,0
12671,0.11,0.94,6,264,4,0,1,0,1,0
12676,0.11,0.82,6,270,4,0,1,0,1,0
12677,0.73,0.89,5,236,6,0,1,0,1,0
12679,0.86,1.0,5,229,5,0,1,0,1,0
12680,0.1,0.83,6,269,4,0,1,0,1,0
12682,0.11,0.87,7,278,4,0,1,0,0,0
12686,0.1,0.96,7,255,4,0,1,0,0,1
12687,0.09,0.92,7,254,4,0,1,0,0,1
12688,0.09,0.82,6,257,4,0,1,0,0,1
12692,0.84,0.86,5,268,5,0,1,0,0,1
12693,0.1,0.83,6,278,4,0,1,0,0,1
12696,0.1,0.81,7,291,4,0,1,0,0,2
12697,0.11,0.8,6,306,4,0,1,0,0,0
12707,0.79,0.91,5,271,5,0,1,0,0,0
12708,0.11,0.87,6,255,4,0,1,0,0,0
12712,0.84,0.98,5,270,5,0,1,0,0,0
12713,0.73,0.92,5,232,5,0,1,0,0,0
12717,0.11,0.78,6,243,4,0,1,0,0,0
12718,0.91,1.0,5,244,6,0,1,0,0,0
12719,0.8,1.0,5,260,5,0,1,0,0,0
12729,0.09,0.83,6,282,4,0,1,0,1,1
12734,0.11,0.92,7,255,4,0,1,0,1,1
12735,0.83,0.99,5,258,5,0,1,0,1,2
12738,0.11,0.87,6,257,4,0,1,0,1,1
12739,0.11,0.85,7,275,4,0,1,0,1,1
12740,0.1,0.89,7,291,4,0,1,0,1,1
12743,0.11,0.9,6,301,4,0,1,0,1,0
12745,0.11,0.78,6,245,4,0,1,0,1,0
12754,0.66,0.93,5,253,5,0,1,0,1,0
12756,0.77,0.92,5,235,5,0,1,0,1,0
12760,0.1,0.9,7,290,4,0,1,0,0,0
12761,0.09,0.93,6,249,4,0,1,0,0,0
12766,0.75,0.81,5,227,5,0,1,0,1,1
12768,0.1,0.84,6,293,5,0,1,0,0,1
12770,0.1,0.83,6,300,4,0,1,0,0,1
12771,0.1,0.86,6,309,4,0,1,0,0,1
12776,0.1,0.97,6,254,5,0,1,0,0,1
12777,0.11,0.93,6,294,4,0,1,0,0,1
12778,0.1,0.92,7,269,4,0,1,0,0,1
12779,0.11,0.9,7,247,4,0,1,0,0,1
12802,0.98,0.79,5,257,4,0,0,0,1,1
12862,0.13,0.76,5,219,4,0,0,0,1,0
12889,0.16,0.83,5,173,4,0,0,0,1,2
12937,0.13,0.84,5,189,5,0,0,0,1,0
12962,0.84,0.96,6,155,5,0,0,0,1,1
12964,0.6,0.86,6,247,6,0,0,0,1,1
12993,0.75,0.77,5,199,4,0,0,0,0,1
13024,0.76,0.88,5,265,4,0,0,0,1,0
13089,1.0,0.88,6,201,4,0,0,0,1,0
13094,0.48,0.86,5,198,4,0,0,0,1,0
13099,0.2,0.94,6,191,5,0,0,0,1,0
13104,0.59,0.97,5,179,6,0,0,0,1,1
13111,1.0,0.79,5,171,5,0,0,0,1,1
13153,0.16,0.82,6,202,4,1,0,1,0,1
13159,0.76,0.79,5,187,4,0,0,0,0,1
13183,0.89,0.74,5,260,6,0,0,0,1,1
13216,0.19,0.83,5,280,4,0,0,0,1,0
13223,0.95,0.74,5,243,6,0,0,0,0,1
13228,0.73,0.88,5,233,4,1,0,0,0,1
13248,0.72,0.85,5,237,4,0,0,0,0,0
13315,0.85,0.87,6,232,5,0,0,0,0,2
13323,0.85,0.94,5,235,4,0,0,0,0,0
13331,0.68,0.89,5,218,5,0,0,0,0,0
13335,0.29,0.75,6,271,10,0,0,0,0,1
13337,0.25,0.9,6,229,8,0,0,0,0,1
13341,0.82,0.87,5,145,6,0,0,0,0,1
13342,0.19,0.97,6,269,6,0,0,0,0,1
13353,0.13,0.9,5,264,6,0,0,0,1,2
13377,0.48,0.77,6,274,6,0,0,0,1,1
13380,0.77,0.83,5,216,4,0,0,0,1,1
13385,0.61,0.97,6,286,4,0,0,0,1,1
13390,0.65,0.9,6,217,4,1,0,1,1,1
13424,0.93,0.95,5,176,6,0,0,1,0,1
13425,0.5,1.0,5,264,8,0,0,1,0,2
13465,0.24,0.94,6,144,4,0,0,0,1,0
13481,0.16,0.93,5,210,7,0,0,1,0,1
13490,0.22,0.91,6,222,8,0,0,0,1,0
13510,0.77,0.75,6,246,6,0,0,0,0,0
13511,0.77,0.76,6,263,6,0,0,0,0,0
13517,0.26,0.99,5,184,5,0,0,0,0,0
13529,0.75,0.94,5,194,4,0,0,0,1,0
13535,0.23,0.94,5,242,4,0,0,0,1,1
13571,0.62,0.75,5,165,4,0,0,0,0,1
13604,0.33,0.97,5,130,4,0,0,0,0,2
13605,0.14,0.79,5,271,4,0,0,0,0,2
13667,0.19,0.8,6,157,6,1,0,0,0,0
13680,0.91,0.8,5,169,4,0,0,0,0,0
13700,0.59,0.94,5,157,7,1,0,0,0,1
13702,0.61,0.88,5,146,7,1,0,0,0,0
13717,0.69,0.78,5,131,8,0,0,0,1,0
13718,0.93,0.74,5,248,8,1,0,0,1,0
13722,0.72,0.88,5,216,10,1,0,0,1,1
13727,0.71,0.97,5,208,8,1,0,0,0,1
13737,0.47,0.76,6,174,10,0,0,0,1,1
13776,0.96,0.97,6,137,10,0,0,0,0,0
13784,0.24,0.81,6,263,7,0,0,0,0,2
13814,0.69,0.86,5,195,6,0,0,0,0,2
13834,0.66,0.95,5,192,7,0,0,0,0,1
13862,0.61,0.77,5,232,7,0,0,0,0,1
13882,0.71,0.93,5,140,8,0,0,0,0,1
13885,0.95,0.77,5,199,10,1,0,0,0,1
13905,0.16,0.96,5,137,5,1,0,0,1,0
13933,0.16,0.95,6,117,7,0,0,0,0,1
13937,0.57,0.82,5,233,7,0,0,1,0,1
13954,0.79,0.86,5,238,8,0,0,0,0,0
13965,0.61,0.79,5,230,10,0,0,0,0,2
14019,0.69,0.9,5,103,5,0,0,0,1,0
14037,0.81,0.81,5,250,4,0,0,1,0,1
14046,0.16,0.93,6,218,6,1,0,0,1,2
14104,0.74,0.79,5,121,5,0,0,1,0,2
14112,0.24,0.88,5,199,5,1,0,0,0,1
14116,0.21,0.85,6,285,7,0,0,0,0,1
14141,0.97,0.92,6,137,8,1,0,0,1,0
14144,0.95,0.99,5,251,4,0,0,0,1,0
14149,0.15,0.74,6,144,7,0,0,1,0,2
14207,0.74,0.95,5,266,10,0,0,1,0,2
14212,0.8,0.86,5,262,6,0,1,0,0,1
14213,0.11,0.88,7,272,4,0,1,0,0,1
14214,0.72,0.87,5,223,5,0,1,0,0,0
14217,0.1,0.77,6,247,4,0,1,0,0,0
14218,0.92,0.85,5,259,5,0,1,0,0,0
14219,0.89,1.0,5,224,5,0,1,0,0,0
14222,0.11,0.81,6,305,4,0,1,0,0,0
14230,0.76,0.89,5,262,5,0,1,0,0,0
14231,0.11,0.83,6,282,4,0,1,0,0,0
14233,0.09,0.95,6,304,4,0,1,0,0,0
14236,0.89,0.92,5,242,5,0,1,0,0,0
14246,0.1,0.94,6,255,4,0,1,0,1,0
14249,0.11,0.89,6,306,4,0,1,0,1,0
14251,0.87,0.88,5,269,5,0,1,0,1,0
14254,0.1,0.8,7,281,4,0,1,0,1,0
14255,0.09,0.89,6,276,4,0,1,0,1,0
14265,0.1,0.92,7,307,4,0,1,0,1,0
14267,0.11,0.94,7,255,4,0,1,0,1,0
14268,0.1,0.81,6,309,4,0,1,0,1,0
14271,0.85,0.91,5,226,5,0,1,0,0,1
14272,0.11,0.93,7,308,4,0,1,0,1,1
14273,0.1,0.95,6,244,5,0,1,0,1,1
14275,0.11,0.94,6,286,4,0,1,0,1,1
14279,0.76,0.86,5,223,5,1,1,0,1,1
14282,0.09,0.77,5,275,4,0,1,0,1,1
14284,0.09,0.87,7,295,4,0,1,0,1,0
14285,0.11,0.97,6,277,4,0,1,0,1,1
14286,0.11,0.79,7,306,4,0,1,0,1,1
14287,0.1,0.83,6,295,4,0,1,0,1,1
14295,0.11,0.77,6,291,4,0,1,0,0,0
14296,0.11,0.87,6,305,4,0,1,0,0,0
14300,0.1,0.79,6,291,4,0,1,0,0,0
14302,0.89,1.0,5,246,5,0,1,0,0,0
14305,0.09,0.83,6,255,4,0,1,0,0,0
14307,0.1,0.77,6,265,4,0,1,0,0,0
14308,0.1,0.84,6,279,4,0,1,0,0,0
14309,0.11,0.97,6,284,4,0,1,0,0,0
14310,0.9,1.0,5,221,6,0,1,0,0,1
14314,0.09,0.94,7,267,4,0,1,0,0,1
14322,0.09,0.85,6,289,4,0,1,0,0,2
14325,0.84,1.0,5,234,5,0,1,0,1,1
14328,0.11,0.84,6,251,4,0,1,0,1,0
14334,0.11,0.84,6,300,5,1,1,0,1,0
14336,0.11,0.92,6,260,4,0,1,0,1,0
14339,0.09,0.82,6,250,4,0,1,0,1,0
14341,0.1,0.83,6,292,4,0,1,0,1,0
14343,0.9,1.0,5,221,5,0,1,0,1,0
14346,0.31,0.84,7,133,5,0,1,0,1,0
14347,0.1,0.84,6,283,4,1,1,0,1,0
14350,0.73,0.87,5,257,5,0,1,0,1,0
14351,0.09,0.96,6,245,4,0,1,0,1,0
14353,0.11,0.8,6,256,4,0,1,0,1,0
14358,0.11,0.87,6,306,4,0,1,0,1,0
14361,0.11,0.91,6,278,4,0,1,0,0,0
14366,0.11,0.8,6,304,4,0,1,0,0,0
14367,0.83,1.0,5,240,5,0,1,0,1,0
14368,0.11,0.92,6,305,4,0,1,0,1,0
14371,0.1,0.95,7,301,4,0,1,0,0,0
14372,0.9,0.98,5,243,6,0,1,0,0,0
14374,0.79,0.89,5,239,5,0,1,0,0,0
14375,0.9,0.99,5,260,5,0,1,0,0,0
14376,0.11,0.84,7,296,4,0,1,0,0,0
14383,0.11,0.78,7,278,4,0,1,0,0,0
14384,0.1,0.88,6,284,4,0,1,0,0,0
14390,0.11,0.85,6,308,5,0,1,0,0,1
14392,0.1,0.84,6,261,4,0,1,0,0,1
14393,0.89,0.99,5,257,5,0,1,0,0,1
14394,0.11,0.8,6,285,4,0,1,0,0,1
14397,0.09,0.85,6,297,4,0,1,0,0,1
14401,0.09,0.8,7,283,5,0,1,0,1,0
14404,0.09,0.82,6,249,4,0,1,0,1,1
14406,0.09,0.8,6,304,4,0,1,0,1,0
14408,0.1,0.91,6,287,4,0,1,0,1,0
14409,0.1,0.89,7,285,4,0,1,0,1,0
14410,0.77,0.94,5,226,6,0,1,0,1,0
14411,0.9,0.82,5,259,5,0,1,0,1,0
14413,0.76,1.0,5,219,5,0,1,0,1,0
14414,0.1,0.93,6,256,4,0,1,0,1,0
14415,0.87,0.9,5,254,6,0,1,0,1,0
14417,0.77,0.99,5,228,5,0,1,0,1,0
14423,0.88,1.0,5,219,5,0,1,0,1,0
14428,0.9,0.98,5,245,5,0,1,0,1,0
14430,0.89,0.87,5,225,5,0,1,0,1,0
14431,0.1,0.84,6,286,4,0,1,0,1,0
14434,0.87,0.9,5,252,5,0,1,0,1,0
14439,0.85,0.95,5,236,5,0,1,0,0,0
14440,0.78,0.98,5,239,6,0,1,0,0,0
14442,0.92,0.99,5,255,6,0,1,0,0,0
14443,0.11,0.83,6,244,4,0,1,0,0,0
14450,0.1,0.97,7,254,4,0,1,0,0,0
14451,0.1,0.87,7,289,4,0,1,0,0,0
14455,0.89,0.86,5,275,5,0,1,0,0,0
14460,0.11,0.84,6,298,4,0,1,0,0,0
14461,0.79,0.87,5,261,5,0,1,0,0,0
14462,0.79,0.92,5,254,6,0,1,0,0,0
14467,0.11,0.81,6,266,4,1,1,0,0,1
14469,0.88,0.88,5,232,5,1,1,0,0,1
14470,0.11,0.84,6,287,4,0,1,0,0,1
14472,0.82,0.97,5,263,5,0,1,0,0,1
14474,0.11,0.78,6,260,4,0,1,0,0,1
14477,0.11,0.95,6,286,4,0,1,0,1,1
14480,0.38,0.86,6,139,6,0,1,0,1,1
14482,0.11,0.84,6,251,4,0,1,0,1,1
14483,0.81,0.93,5,270,5,0,1,0,1,1
14484,0.09,0.96,6,296,4,0,1,0,1,0
14485,0.11,0.9,6,254,4,0,1,0,1,0
14486,0.81,0.95,5,238,6,0,1,0,1,0
14487,0.1,0.97,6,267,4,1,1,0,1,0
14488,0.74,0.89,5,229,6,0,1,0,1,0
14489,0.09,0.78,6,254,4,0,1,0,1,0
14491,0.1,0.98,6,268,4,0,1,0,1,0
14493,0.83,0.92,5,267,6,0,1,0,1,0
14494,0.1,0.93,6,289,4,1,1,0,1,0
14497,0.11,0.83,6,306,4,0,1,0,1,0
14498,0.11,0.79,6,292,4,0,1,1,1,0
14499,0.82,0.91,5,232,5,0,1,0,1,0
14502,0.87,0.84,5,231,5,0,1,0,1,0
14504,0.11,0.91,6,308,4,1,1,0,1,0
14505,0.1,0.93,6,253,4,0,1,0,1,1
14510,0.74,0.84,5,249,5,0,1,0,1,1
14513,0.1,0.77,7,250,5,0,1,0,1,1
14515,0.89,0.87,5,255,5,0,1,0,1,1
14518,0.11,0.81,5,287,4,0,1,0,0,0
14520,0.1,0.94,6,285,4,0,1,0,1,1
14521,0.1,0.93,7,305,4,0,1,0,1,1
14522,0.11,0.95,7,300,4,0,1,0,0,1
14525,0.1,0.81,6,268,4,0,1,0,0,0
14529,0.11,0.94,6,276,4,0,1,0,0,0
14532,0.82,0.84,5,244,5,0,1,0,0,0
14534,0.11,0.91,7,287,4,0,1,0,0,0
14538,0.88,0.99,5,262,6,0,1,0,0,0
14539,0.1,0.85,6,266,4,0,1,0,0,0
14542,0.11,0.85,7,302,4,0,1,0,0,0
14543,0.09,0.98,6,271,4,0,1,0,0,0
14545,0.1,0.81,6,290,4,0,1,0,0,1
14547,0.77,0.87,5,266,5,0,1,0,0,1
14550,0.1,0.91,6,246,4,0,1,0,0,1
14551,0.09,0.89,7,308,5,0,1,0,0,1
14553,0.9,1.0,5,232,5,0,1,0,1,1
14556,0.1,0.86,6,278,4,0,1,0,1,2
14558,0.11,0.8,6,282,4,0,1,0,1,1
14559,0.11,0.84,7,264,4,0,1,0,1,1
14561,0.09,0.8,6,304,5,0,1,0,1,1
14565,0.33,0.88,6,219,5,0,1,0,1,0
14570,0.09,0.91,6,275,4,0,1,0,1,0
14571,0.1,0.87,6,290,4,0,1,0,1,0
14574,0.72,0.96,5,267,5,0,1,0,1,0
14577,0.1,0.83,6,258,4,0,1,0,0,0
14579,0.82,0.86,5,243,5,0,1,0,1,0
14580,0.1,0.82,6,266,4,0,1,0,1,0
14585,0.86,0.84,5,254,5,0,1,0,1,1
14586,0.73,0.99,5,262,5,0,1,0,1,1
14596,0.75,0.9,5,256,5,0,1,0,1,0
14597,0.1,0.93,6,298,4,0,1,0,1,1
14598,0.1,0.97,6,247,4,0,1,0,0,1
14604,0.11,0.93,6,282,4,0,1,0,0,0
14608,0.09,0.79,6,293,5,0,1,0,0,0
14610,0.1,0.87,6,250,4,0,1,0,0,0
14611,0.91,1.0,5,251,6,0,1,0,0,0
14613,0.74,1.0,5,275,5,0,1,0,0,0
14614,0.92,0.93,5,240,5,0,1,0,0,0
14615,0.76,0.87,5,245,5,0,1,0,0,0
14617,0.73,0.99,5,241,5,0,1,0,0,0
14618,0.09,0.94,6,257,4,0,1,0,0,0
14625,0.91,0.97,5,233,5,0,1,0,0,1
14628,0.11,0.9,6,264,4,0,1,0,1,1
14631,0.09,0.96,6,268,4,0,1,0,1,1
14632,0.1,0.94,6,287,4,0,1,0,1,1
14633,0.86,1.0,5,257,5,0,1,0,1,1
14645,0.1,0.84,6,309,4,0,1,0,1,0
14647,0.11,0.85,6,261,4,0,1,0,1,0
14653,0.77,1.0,5,229,5,0,1,0,0,0
14654,0.81,0.98,5,245,5,0,1,0,1,0
14656,0.09,0.94,6,283,5,0,1,0,1,0
14658,0.1,0.84,5,298,4,0,1,0,1,0
14660,0.81,0.92,5,239,5,0,1,0,1,0
14662,0.85,0.98,5,248,5,0,1,0,1,1
14663,0.1,0.87,6,286,4,0,1,0,1,1
14665,0.09,0.97,7,254,4,1,1,0,1,1
14667,0.86,0.93,5,223,5,0,1,0,1,1
14675,0.82,0.98,5,234,5,0,1,0,0,1
14678,0.09,0.95,6,292,4,0,1,0,0,1
14679,0.9,0.92,5,245,5,0,1,0,0,0
14681,0.1,0.85,6,260,4,0,1,0,0,0
14683,0.89,0.85,5,266,5,0,1,0,0,0
14685,0.87,1.0,5,242,5,0,1,0,0,0
14687,0.11,0.87,5,271,4,0,1,0,0,0
14688,0.09,0.79,6,275,4,0,1,0,0,0
14689,0.76,0.83,5,227,5,0,1,0,0,0
14690,0.11,0.96,7,277,5,0,1,0,0,0
14692,0.1,0.79,6,274,4,0,1,0,0,0
14699,0.1,0.83,7,276,4,0,1,0,0,0
14703,0.11,0.83,6,244,4,0,1,0,0,1
14704,0.1,0.94,6,309,4,0,1,0,1,1
14705,0.84,1.0,5,218,5,0,1,0,1,1
14707,0.1,0.82,6,244,4,0,1,0,1,1
14711,0.91,0.84,5,265,5,0,1,0,1,1
14713,0.11,0.87,7,282,5,0,1,0,1,0
14716,0.11,0.97,6,289,5,0,1,0,1,1
14723,0.09,0.96,6,259,4,0,1,0,1,0
14724,0.11,0.89,6,293,4,0,1,0,1,0
14725,0.83,0.96,5,275,5,0,1,0,1,0
14726,0.88,1.0,5,219,6,1,1,0,1,0
14727,0.1,0.89,6,247,4,0,1,0,1,0
14728,0.09,0.86,7,309,4,0,1,0,1,0
14733,0.1,0.95,7,289,4,0,1,0,1,0
14735,0.75,0.99,5,221,5,0,1,0,1,0
14738,0.09,0.9,7,289,4,0,1,0,1,0
14739,0.09,0.8,6,301,5,0,1,0,1,1
14743,0.1,0.84,6,246,4,0,1,0,0,1
14745,0.75,0.85,5,240,6,1,1,0,0,1
14747,0.11,0.85,6,305,4,0,1,0,0,1
14749,0.87,1.0,5,261,5,1,1,0,1,1
14750,0.11,0.94,7,244,4,0,1,0,0,1
14753,0.77,0.91,5,236,5,0,1,0,0,1
14754,0.89,0.92,5,237,5,0,1,0,0,1
14756,0.78,1.0,5,236,5,0,1,0,0,1
14761,0.11,0.96,6,298,4,0,1,0,0,0
14762,0.75,0.99,5,254,5,0,1,0,0,0
14763,0.82,0.85,5,248,5,0,1,0,0,0
14764,0.79,1.0,5,257,6,0,1,0,0,0
14766,0.1,0.9,7,281,4,0,1,0,0,0
14770,0.11,0.8,7,296,4,0,1,0,0,0
14771,0.09,0.86,6,279,4,0,1,0,0,0
14774,0.1,0.77,7,291,4,0,1,0,0,0
14777,0.11,0.79,7,310,4,0,1,0,0,0
14778,0.1,0.97,6,282,4,0,1,0,0,1
14783,0.75,0.97,5,243,6,0,1,0,1,1
14789,0.9,0.96,5,243,5,0,1,0,1,1
14792,0.81,0.88,5,242,5,0,1,0,1,1
14793,0.74,0.87,5,242,5,0,1,0,1,1
14799,0.87,0.9,5,258,5,0,1,0,1,0
14803,0.1,0.8,6,264,4,0,1,0,1,0
14805,0.1,0.77,6,255,4,0,1,0,0,0
14806,0.09,0.87,5,263,4,0,1,0,1,0
14807,0.86,0.84,5,222,5,0,1,0,1,0
14808,0.11,0.9,6,263,4,0,1,0,1,0
14810,0.11,0.92,7,307,4,0,1,0,1,0
14811,0.77,0.98,5,259,6,0,1,0,1,0
14812,0.84,0.94,5,222,6,0,1,0,1,0
14813,0.1,0.84,7,250,4,0,1,0,1,0
14814,0.83,0.9,5,245,5,0,1,0,1,0
14815,0.11,0.79,6,292,4,0,1,0,1,0
14816,0.86,0.92,5,252,5,0,1,0,1,0
14818,0.11,0.88,5,250,4,0,1,0,1,1
14820,0.1,0.85,7,279,4,0,1,0,1,1
14821,0.09,0.95,7,256,4,0,1,0,0,1
14824,0.81,0.97,5,243,5,0,1,0,1,1
14825,0.09,0.9,7,296,4,0,1,0,1,1
14826,0.1,0.88,7,267,4,0,1,0,0,1
14832,0.1,0.86,6,247,4,0,1,0,0,1
14836,0.78,0.98,5,263,6,0,1,0,0,0
14839,0.72,0.85,5,244,6,0,1,0,0,0
14841,0.1,0.9,7,286,4,0,1,0,0,0
14843,0.11,0.89,6,260,5,0,1,0,0,0
14845,0.82,0.92,5,225,5,0,1,0,0,0
14853,0.73,0.97,5,235,5,0,1,0,0,0
14857,0.51,0.83,5,249,4,0,1,0,1,1
14862,0.09,0.88,6,269,4,0,1,0,1,1
14863,0.09,0.77,6,290,4,0,1,0,1,1
14865,0.1,0.89,7,308,4,0,1,0,1,1
14867,0.79,0.86,5,235,5,0,1,0,1,1
14870,0.77,0.91,5,221,6,0,1,0,1,1
14873,0.1,0.79,6,275,4,0,1,0,0,0
14874,0.1,0.9,6,299,4,0,1,0,0,0
14876,0.1,0.97,7,306,4,0,1,0,0,0
14877,0.84,1.0,5,242,5,0,1,0,0,0
14883,0.09,0.84,6,269,4,0,1,0,0,0
14884,0.78,0.86,5,274,5,0,1,0,0,0
14891,0.85,0.87,5,246,5,1,1,0,0,1
14892,0.11,0.92,6,281,4,0,1,0,0,1
14893,0.11,0.9,6,253,4,0,1,0,0,1
14896,0.75,1.0,5,223,6,0,1,0,0,1
14897,0.11,0.92,6,269,4,0,1,0,0,1
14898,0.1,0.9,7,269,4,0,1,0,0,1
14899,0.1,0.81,7,244,5,0,1,0,0,1
14901,0.11,0.93,5,140,5,0,1,0,0,1
14905,0.11,0.77,6,247,4,0,1,0,1,1
14906,0.79,0.93,5,268,5,0,1,0,1,1
14907,0.8,0.9,5,267,5,0,1,0,1,1
14908,0.1,0.87,7,251,5,0,1,0,1,0
14909,0.09,0.93,6,279,4,0,1,0,1,0
14910,0.7,0.84,6,161,4,0,1,0,1,0
14912,0.11,0.8,6,304,4,0,1,0,1,0
14916,0.76,0.87,5,262,5,0,1,0,1,0
14918,0.09,0.89,6,282,4,0,1,0,1,0
14920,0.87,0.91,5,228,5,0,1,0,1,0
14921,0.1,0.86,6,283,4,0,1,0,1,0
14922,0.11,0.86,6,286,4,0,1,0,1,0
14924,0.1,0.81,6,245,4,0,1,0,1,0
14925,0.11,0.95,6,279,4,0,1,0,1,0
14926,0.85,0.87,5,245,5,0,1,0,1,0
14929,0.1,0.83,7,302,5,0,1,0,1,1
14930,0.11,0.89,6,268,4,0,1,0,1,1
14931,0.87,0.88,5,240,5,0,1,0,1,1
14933,0.1,0.94,7,264,4,0,1,0,1,1
14936,0.76,0.98,5,217,6,0,1,0,1,1
14940,0.1,0.78,5,285,4,1,1,0,1,1
14943,0.81,0.92,5,239,5,0,1,0,1,1
14944,0.83,0.85,5,237,5,0,1,0,0,1
14946,0.1,0.84,5,303,5,0,1,0,0,1
14957,0.82,0.94,5,236,5,0,1,0,0,0
14960,0.82,0.86,5,257,5,0,1,0,0,0
14963,0.09,0.95,6,271,4,0,1,0,0,0
14964,0.1,0.97,6,280,4,0,1,0,0,0
14966,0.83,0.81,5,219,5,0,1,0,0,0
14972,0.11,0.97,6,310,4,0,1,0,0,1
14975,0.1,0.79,7,310,4,0,1,0,0,1
14979,0.09,0.93,6,296,4,0,1,0,1,1
14980,0.76,0.89,5,238,5,0,1,0,1,2
14981,0.73,0.93,5,162,4,0,1,0,1,0
14983,0.72,0.84,5,257,5,0,1,0,1,1
14985,0.91,0.99,5,254,5,0,1,0,1,1
14990,0.89,0.88,5,228,5,1,1,0,1,0
14991,0.09,0.81,6,257,4,0,1,0,1,0
14993,0.76,0.83,6,293,6,0,1,0,1,0
14997,0.11,0.96,6,280,4,0,1,0,1,0
